// Validating benchmarks:
// ***** BenchmarkRunner: Start   *****
// ***** Found 8 benchmark(s) in total *****
// ***** Building 1 exe(s) in Parallel: Start   *****
// start dotnet  restore --nodeReuse:false /p:UseSharedCompilation=false /p:Deterministic=true /p:Optimize=true /p:ArtifactsPath="D:\The journey\Simulation\CSharp_Basics\Lecture 3\abdallahbdreldin-Assignment-4\submission\assignment\bin\Release\net8.0\ConsoleApp1-DefaultJob-1/" /p:OutDir="D:\The journey\Simulation\CSharp_Basics\Lecture 3\abdallahbdreldin-Assignment-4\submission\assignment\bin\Release\net8.0\ConsoleApp1-DefaultJob-1\bin\Release\net8.0/" /p:OutputPath="D:\The journey\Simulation\CSharp_Basics\Lecture 3\abdallahbdreldin-Assignment-4\submission\assignment\bin\Release\net8.0\ConsoleApp1-DefaultJob-1\bin\Release\net8.0/" /p:PublishDir="D:\The journey\Simulation\CSharp_Basics\Lecture 3\abdallahbdreldin-Assignment-4\submission\assignment\bin\Release\net8.0\ConsoleApp1-DefaultJob-1\publish/" in D:\The journey\Simulation\CSharp_Basics\Lecture 3\abdallahbdreldin-Assignment-4\submission\assignment\bin\Release\net8.0\ConsoleApp1-DefaultJob-1
// command took 1.84 sec and exited with 0
// start dotnet  build -c Release --no-restore --nodeReuse:false /p:UseSharedCompilation=false /p:Deterministic=true /p:Optimize=true /p:ArtifactsPath="D:\The journey\Simulation\CSharp_Basics\Lecture 3\abdallahbdreldin-Assignment-4\submission\assignment\bin\Release\net8.0\ConsoleApp1-DefaultJob-1/" /p:OutDir="D:\The journey\Simulation\CSharp_Basics\Lecture 3\abdallahbdreldin-Assignment-4\submission\assignment\bin\Release\net8.0\ConsoleApp1-DefaultJob-1\bin\Release\net8.0/" /p:OutputPath="D:\The journey\Simulation\CSharp_Basics\Lecture 3\abdallahbdreldin-Assignment-4\submission\assignment\bin\Release\net8.0\ConsoleApp1-DefaultJob-1\bin\Release\net8.0/" /p:PublishDir="D:\The journey\Simulation\CSharp_Basics\Lecture 3\abdallahbdreldin-Assignment-4\submission\assignment\bin\Release\net8.0\ConsoleApp1-DefaultJob-1\publish/" --output "D:\The journey\Simulation\CSharp_Basics\Lecture 3\abdallahbdreldin-Assignment-4\submission\assignment\bin\Release\net8.0\ConsoleApp1-DefaultJob-1\bin\Release\net8.0/" in D:\The journey\Simulation\CSharp_Basics\Lecture 3\abdallahbdreldin-Assignment-4\submission\assignment\bin\Release\net8.0\ConsoleApp1-DefaultJob-1
// command took 6.05 sec and exited with 0
// ***** Done, took 00:00:07 (7.95 sec)   *****
// Found 8 benchmarks:
//   StringConcatenationBenchmark.StringConcatenation: DefaultJob [Iterations=100]
//   StringConcatenationBenchmark.StringBuilderConcatenation: DefaultJob [Iterations=100]
//   StringConcatenationBenchmark.StringConcatenation: DefaultJob [Iterations=1000]
//   StringConcatenationBenchmark.StringBuilderConcatenation: DefaultJob [Iterations=1000]
//   StringConcatenationBenchmark.StringConcatenation: DefaultJob [Iterations=10000]
//   StringConcatenationBenchmark.StringBuilderConcatenation: DefaultJob [Iterations=10000]
//   StringConcatenationBenchmark.StringConcatenation: DefaultJob [Iterations=100000]
//   StringConcatenationBenchmark.StringBuilderConcatenation: DefaultJob [Iterations=100000]

Setup power plan (GUID: 8c5e7fda-e8bf-4a96-9a85-a6e23a8c635c FriendlyName: High performance)
// **************************
// Benchmark: StringConcatenationBenchmark.StringConcatenation: DefaultJob [Iterations=100]
// *** Execute ***
// Launch: 1 / 1
// Execute: dotnet ConsoleApp1-DefaultJob-1.dll --anonymousPipes 1392 1360 --benchmarkName "StringConcatenationBenchmark.StringConcatenation(Iterations: 100)" --job Default --benchmarkId 0 in D:\The journey\Simulation\CSharp_Basics\Lecture 3\abdallahbdreldin-Assignment-4\submission\assignment\bin\Release\net8.0\ConsoleApp1-DefaultJob-1\bin\Release\net8.0
// BeforeAnythingElse

// Benchmark Process Environment Information:
// BenchmarkDotNet v0.15.8
// Runtime=.NET 8.0.31 (8.0.31, 8.0.3126.42015), X64 RyuJIT x86-64-v3
// GC=Concurrent Workstation
// HardwareIntrinsics=AVX2+BMI1+BMI2+F16C+FMA+LZCNT+MOVBE,AVX,SSE3+SSSE3+SSE4.1+SSE4.2+POPCNT,X86Base+SSE+SSE2,AES+PCLMUL VectorSize=256
// Job: DefaultJob

OverheadJitting  1: 1 op, 151300.00 ns, 151.3000 us/op
WorkloadJitting  1: 1 op, 234800.00 ns, 234.8000 us/op

OverheadJitting  2: 16 op, 476200.00 ns, 29.7625 us/op
WorkloadJitting  2: 16 op, 742200.00 ns, 46.3875 us/op

WorkloadPilot    1: 16 op, 80500.00 ns, 5.0313 us/op
WorkloadPilot    2: 32 op, 316500.00 ns, 9.8906 us/op
WorkloadPilot    3: 64 op, 583500.00 ns, 9.1172 us/op
WorkloadPilot    4: 128 op, 922600.00 ns, 7.2078 us/op
WorkloadPilot    5: 256 op, 2432400.00 ns, 9.5016 us/op
WorkloadPilot    6: 512 op, 2911700.00 ns, 5.6869 us/op
WorkloadPilot    7: 1024 op, 4698700.00 ns, 4.5886 us/op
WorkloadPilot    8: 2048 op, 8581000.00 ns, 4.1899 us/op
WorkloadPilot    9: 4096 op, 16840100.00 ns, 4.1114 us/op
WorkloadPilot   10: 8192 op, 33420500.00 ns, 4.0797 us/op
WorkloadPilot   11: 16384 op, 57362400.00 ns, 3.5011 us/op
WorkloadPilot   12: 32768 op, 91733000.00 ns, 2.7995 us/op
WorkloadPilot   13: 65536 op, 133313500.00 ns, 2.0342 us/op
WorkloadPilot   14: 131072 op, 261732900.00 ns, 1.9969 us/op
WorkloadPilot   15: 262144 op, 510358300.00 ns, 1.9469 us/op

OverheadWarmup   1: 262144 op, 903100.00 ns, 3.4451 ns/op
OverheadWarmup   2: 262144 op, 914600.00 ns, 3.4889 ns/op
OverheadWarmup   3: 262144 op, 938600.00 ns, 3.5805 ns/op
OverheadWarmup   4: 262144 op, 911200.00 ns, 3.4760 ns/op
OverheadWarmup   5: 262144 op, 921200.00 ns, 3.5141 ns/op
OverheadWarmup   6: 262144 op, 908600.00 ns, 3.4660 ns/op

OverheadActual   1: 262144 op, 913700.00 ns, 3.4855 ns/op
OverheadActual   2: 262144 op, 921500.00 ns, 3.5152 ns/op
OverheadActual   3: 262144 op, 913700.00 ns, 3.4855 ns/op
OverheadActual   4: 262144 op, 909800.00 ns, 3.4706 ns/op
OverheadActual   5: 262144 op, 906100.00 ns, 3.4565 ns/op
OverheadActual   6: 262144 op, 917100.00 ns, 3.4985 ns/op
OverheadActual   7: 262144 op, 912500.00 ns, 3.4809 ns/op
OverheadActual   8: 262144 op, 923900.00 ns, 3.5244 ns/op
OverheadActual   9: 262144 op, 918300.00 ns, 3.5030 ns/op
OverheadActual  10: 262144 op, 910700.00 ns, 3.4740 ns/op
OverheadActual  11: 262144 op, 975400.00 ns, 3.7209 ns/op
OverheadActual  12: 262144 op, 977400.00 ns, 3.7285 ns/op
OverheadActual  13: 262144 op, 911400.00 ns, 3.4767 ns/op
OverheadActual  14: 262144 op, 901000.00 ns, 3.4370 ns/op
OverheadActual  15: 262144 op, 908700.00 ns, 3.4664 ns/op

WorkloadWarmup   1: 262144 op, 527072500.00 ns, 2.0106 us/op
WorkloadWarmup   2: 262144 op, 541841200.00 ns, 2.0670 us/op
WorkloadWarmup   3: 262144 op, 527368000.00 ns, 2.0117 us/op
WorkloadWarmup   4: 262144 op, 528758300.00 ns, 2.0171 us/op
WorkloadWarmup   5: 262144 op, 511867400.00 ns, 1.9526 us/op
WorkloadWarmup   6: 262144 op, 520379400.00 ns, 1.9851 us/op

// BeforeActualRun
WorkloadActual   1: 262144 op, 605284900.00 ns, 2.3090 us/op
WorkloadActual   2: 262144 op, 772916300.00 ns, 2.9484 us/op
WorkloadActual   3: 262144 op, 539124100.00 ns, 2.0566 us/op
WorkloadActual   4: 262144 op, 551696900.00 ns, 2.1046 us/op
WorkloadActual   5: 262144 op, 875117000.00 ns, 3.3383 us/op
WorkloadActual   6: 262144 op, 532598000.00 ns, 2.0317 us/op
WorkloadActual   7: 262144 op, 526397100.00 ns, 2.0080 us/op
WorkloadActual   8: 262144 op, 549125500.00 ns, 2.0947 us/op
WorkloadActual   9: 262144 op, 543258400.00 ns, 2.0724 us/op
WorkloadActual  10: 262144 op, 539572300.00 ns, 2.0583 us/op
WorkloadActual  11: 262144 op, 559006800.00 ns, 2.1324 us/op
WorkloadActual  12: 262144 op, 569360900.00 ns, 2.1719 us/op
WorkloadActual  13: 262144 op, 548952400.00 ns, 2.0941 us/op
WorkloadActual  14: 262144 op, 569570700.00 ns, 2.1727 us/op
WorkloadActual  15: 262144 op, 538690800.00 ns, 2.0549 us/op
WorkloadActual  16: 262144 op, 565839900.00 ns, 2.1585 us/op
WorkloadActual  17: 262144 op, 659011700.00 ns, 2.5139 us/op
WorkloadActual  18: 262144 op, 822547900.00 ns, 3.1378 us/op
WorkloadActual  19: 262144 op, 634125900.00 ns, 2.4190 us/op
WorkloadActual  20: 262144 op, 673647600.00 ns, 2.5698 us/op
WorkloadActual  21: 262144 op, 637723000.00 ns, 2.4327 us/op
WorkloadActual  22: 262144 op, 527516600.00 ns, 2.0123 us/op
WorkloadActual  23: 262144 op, 580919700.00 ns, 2.2160 us/op
WorkloadActual  24: 262144 op, 581959600.00 ns, 2.2200 us/op
WorkloadActual  25: 262144 op, 535736900.00 ns, 2.0437 us/op
WorkloadActual  26: 262144 op, 607798600.00 ns, 2.3186 us/op
WorkloadActual  27: 262144 op, 541015900.00 ns, 2.0638 us/op
WorkloadActual  28: 262144 op, 588535500.00 ns, 2.2451 us/op
WorkloadActual  29: 262144 op, 593897900.00 ns, 2.2655 us/op
WorkloadActual  30: 262144 op, 530545700.00 ns, 2.0239 us/op
WorkloadActual  31: 262144 op, 664305600.00 ns, 2.5341 us/op
WorkloadActual  32: 262144 op, 660786800.00 ns, 2.5207 us/op
WorkloadActual  33: 262144 op, 698870100.00 ns, 2.6660 us/op
WorkloadActual  34: 262144 op, 539955900.00 ns, 2.0598 us/op
WorkloadActual  35: 262144 op, 523677400.00 ns, 1.9977 us/op
WorkloadActual  36: 262144 op, 563246200.00 ns, 2.1486 us/op
WorkloadActual  37: 262144 op, 547282500.00 ns, 2.0877 us/op
WorkloadActual  38: 262144 op, 527133300.00 ns, 2.0109 us/op
WorkloadActual  39: 262144 op, 519362000.00 ns, 1.9812 us/op
WorkloadActual  40: 262144 op, 522172400.00 ns, 1.9919 us/op
WorkloadActual  41: 262144 op, 525761200.00 ns, 2.0056 us/op
WorkloadActual  42: 262144 op, 516457600.00 ns, 1.9701 us/op
WorkloadActual  43: 262144 op, 531118500.00 ns, 2.0261 us/op
WorkloadActual  44: 262144 op, 507931800.00 ns, 1.9376 us/op
WorkloadActual  45: 262144 op, 519505600.00 ns, 1.9818 us/op
WorkloadActual  46: 262144 op, 524201500.00 ns, 1.9997 us/op
WorkloadActual  47: 262144 op, 517314100.00 ns, 1.9734 us/op
WorkloadActual  48: 262144 op, 525714800.00 ns, 2.0054 us/op
WorkloadActual  49: 262144 op, 522161700.00 ns, 1.9919 us/op
WorkloadActual  50: 262144 op, 520864900.00 ns, 1.9869 us/op
WorkloadActual  51: 262144 op, 525835900.00 ns, 2.0059 us/op
WorkloadActual  52: 262144 op, 544889500.00 ns, 2.0786 us/op
WorkloadActual  53: 262144 op, 568451100.00 ns, 2.1685 us/op
WorkloadActual  54: 262144 op, 605582000.00 ns, 2.3101 us/op
WorkloadActual  55: 262144 op, 551638000.00 ns, 2.1043 us/op
WorkloadActual  56: 262144 op, 549198000.00 ns, 2.0950 us/op
WorkloadActual  57: 262144 op, 573012800.00 ns, 2.1859 us/op
WorkloadActual  58: 262144 op, 568352100.00 ns, 2.1681 us/op
WorkloadActual  59: 262144 op, 574972000.00 ns, 2.1933 us/op
WorkloadActual  60: 262144 op, 584217600.00 ns, 2.2286 us/op
WorkloadActual  61: 262144 op, 554556100.00 ns, 2.1155 us/op
WorkloadActual  62: 262144 op, 554289300.00 ns, 2.1144 us/op
WorkloadActual  63: 262144 op, 529866100.00 ns, 2.0213 us/op
WorkloadActual  64: 262144 op, 580746600.00 ns, 2.2154 us/op
WorkloadActual  65: 262144 op, 595993600.00 ns, 2.2735 us/op
WorkloadActual  66: 262144 op, 555022100.00 ns, 2.1172 us/op
WorkloadActual  67: 262144 op, 569373000.00 ns, 2.1720 us/op
WorkloadActual  68: 262144 op, 548431000.00 ns, 2.0921 us/op
WorkloadActual  69: 262144 op, 539811400.00 ns, 2.0592 us/op
WorkloadActual  70: 262144 op, 528117500.00 ns, 2.0146 us/op
WorkloadActual  71: 262144 op, 516400300.00 ns, 1.9699 us/op
WorkloadActual  72: 262144 op, 520472500.00 ns, 1.9854 us/op
WorkloadActual  73: 262144 op, 532063200.00 ns, 2.0297 us/op
WorkloadActual  74: 262144 op, 551317800.00 ns, 2.1031 us/op
WorkloadActual  75: 262144 op, 545372300.00 ns, 2.0804 us/op
WorkloadActual  76: 262144 op, 536824800.00 ns, 2.0478 us/op
WorkloadActual  77: 262144 op, 545503400.00 ns, 2.0809 us/op
WorkloadActual  78: 262144 op, 541332900.00 ns, 2.0650 us/op
WorkloadActual  79: 262144 op, 522166500.00 ns, 1.9919 us/op
WorkloadActual  80: 262144 op, 533247400.00 ns, 2.0342 us/op
WorkloadActual  81: 262144 op, 510218500.00 ns, 1.9463 us/op
WorkloadActual  82: 262144 op, 527782400.00 ns, 2.0133 us/op
WorkloadActual  83: 262144 op, 523270100.00 ns, 1.9961 us/op
WorkloadActual  84: 262144 op, 513185800.00 ns, 1.9576 us/op
WorkloadActual  85: 262144 op, 512171100.00 ns, 1.9538 us/op
WorkloadActual  86: 262144 op, 508508800.00 ns, 1.9398 us/op
WorkloadActual  87: 262144 op, 512929500.00 ns, 1.9567 us/op
WorkloadActual  88: 262144 op, 527845800.00 ns, 2.0136 us/op
WorkloadActual  89: 262144 op, 519610900.00 ns, 1.9822 us/op

// AfterActualRun
WorkloadResult   1: 262144 op, 604371200.00 ns, 2.3055 us/op
WorkloadResult   2: 262144 op, 538210400.00 ns, 2.0531 us/op
WorkloadResult   3: 262144 op, 550783200.00 ns, 2.1011 us/op
WorkloadResult   4: 262144 op, 531684300.00 ns, 2.0282 us/op
WorkloadResult   5: 262144 op, 525483400.00 ns, 2.0046 us/op
WorkloadResult   6: 262144 op, 548211800.00 ns, 2.0913 us/op
WorkloadResult   7: 262144 op, 542344700.00 ns, 2.0689 us/op
WorkloadResult   8: 262144 op, 538658600.00 ns, 2.0548 us/op
WorkloadResult   9: 262144 op, 558093100.00 ns, 2.1290 us/op
WorkloadResult  10: 262144 op, 568447200.00 ns, 2.1685 us/op
WorkloadResult  11: 262144 op, 548038700.00 ns, 2.0906 us/op
WorkloadResult  12: 262144 op, 568657000.00 ns, 2.1693 us/op
WorkloadResult  13: 262144 op, 537777100.00 ns, 2.0515 us/op
WorkloadResult  14: 262144 op, 564926200.00 ns, 2.1550 us/op
WorkloadResult  15: 262144 op, 633212200.00 ns, 2.4155 us/op
WorkloadResult  16: 262144 op, 526602900.00 ns, 2.0088 us/op
WorkloadResult  17: 262144 op, 580006000.00 ns, 2.2125 us/op
WorkloadResult  18: 262144 op, 581045900.00 ns, 2.2165 us/op
WorkloadResult  19: 262144 op, 534823200.00 ns, 2.0402 us/op
WorkloadResult  20: 262144 op, 606884900.00 ns, 2.3151 us/op
WorkloadResult  21: 262144 op, 540102200.00 ns, 2.0603 us/op
WorkloadResult  22: 262144 op, 587621800.00 ns, 2.2416 us/op
WorkloadResult  23: 262144 op, 592984200.00 ns, 2.2621 us/op
WorkloadResult  24: 262144 op, 529632000.00 ns, 2.0204 us/op
WorkloadResult  25: 262144 op, 539042200.00 ns, 2.0563 us/op
WorkloadResult  26: 262144 op, 522763700.00 ns, 1.9942 us/op
WorkloadResult  27: 262144 op, 562332500.00 ns, 2.1451 us/op
WorkloadResult  28: 262144 op, 546368800.00 ns, 2.0842 us/op
WorkloadResult  29: 262144 op, 526219600.00 ns, 2.0074 us/op
WorkloadResult  30: 262144 op, 518448300.00 ns, 1.9777 us/op
WorkloadResult  31: 262144 op, 521258700.00 ns, 1.9884 us/op
WorkloadResult  32: 262144 op, 524847500.00 ns, 2.0021 us/op
WorkloadResult  33: 262144 op, 515543900.00 ns, 1.9666 us/op
WorkloadResult  34: 262144 op, 530204800.00 ns, 2.0226 us/op
WorkloadResult  35: 262144 op, 507018100.00 ns, 1.9341 us/op
WorkloadResult  36: 262144 op, 518591900.00 ns, 1.9783 us/op
WorkloadResult  37: 262144 op, 523287800.00 ns, 1.9962 us/op
WorkloadResult  38: 262144 op, 516400400.00 ns, 1.9699 us/op
WorkloadResult  39: 262144 op, 524801100.00 ns, 2.0020 us/op
WorkloadResult  40: 262144 op, 521248000.00 ns, 1.9884 us/op
WorkloadResult  41: 262144 op, 519951200.00 ns, 1.9835 us/op
WorkloadResult  42: 262144 op, 524922200.00 ns, 2.0024 us/op
WorkloadResult  43: 262144 op, 543975800.00 ns, 2.0751 us/op
WorkloadResult  44: 262144 op, 567537400.00 ns, 2.1650 us/op
WorkloadResult  45: 262144 op, 604668300.00 ns, 2.3066 us/op
WorkloadResult  46: 262144 op, 550724300.00 ns, 2.1008 us/op
WorkloadResult  47: 262144 op, 548284300.00 ns, 2.0915 us/op
WorkloadResult  48: 262144 op, 572099100.00 ns, 2.1824 us/op
WorkloadResult  49: 262144 op, 567438400.00 ns, 2.1646 us/op
WorkloadResult  50: 262144 op, 574058300.00 ns, 2.1899 us/op
WorkloadResult  51: 262144 op, 583303900.00 ns, 2.2251 us/op
WorkloadResult  52: 262144 op, 553642400.00 ns, 2.1120 us/op
WorkloadResult  53: 262144 op, 553375600.00 ns, 2.1110 us/op
WorkloadResult  54: 262144 op, 528952400.00 ns, 2.0178 us/op
WorkloadResult  55: 262144 op, 579832900.00 ns, 2.2119 us/op
WorkloadResult  56: 262144 op, 595079900.00 ns, 2.2700 us/op
WorkloadResult  57: 262144 op, 554108400.00 ns, 2.1138 us/op
WorkloadResult  58: 262144 op, 568459300.00 ns, 2.1685 us/op
WorkloadResult  59: 262144 op, 547517300.00 ns, 2.0886 us/op
WorkloadResult  60: 262144 op, 538897700.00 ns, 2.0557 us/op
WorkloadResult  61: 262144 op, 527203800.00 ns, 2.0111 us/op
WorkloadResult  62: 262144 op, 515486600.00 ns, 1.9664 us/op
WorkloadResult  63: 262144 op, 519558800.00 ns, 1.9820 us/op
WorkloadResult  64: 262144 op, 531149500.00 ns, 2.0262 us/op
WorkloadResult  65: 262144 op, 550404100.00 ns, 2.0996 us/op
WorkloadResult  66: 262144 op, 544458600.00 ns, 2.0769 us/op
WorkloadResult  67: 262144 op, 535911100.00 ns, 2.0443 us/op
WorkloadResult  68: 262144 op, 544589700.00 ns, 2.0774 us/op
WorkloadResult  69: 262144 op, 540419200.00 ns, 2.0615 us/op
WorkloadResult  70: 262144 op, 521252800.00 ns, 1.9884 us/op
WorkloadResult  71: 262144 op, 532333700.00 ns, 2.0307 us/op
WorkloadResult  72: 262144 op, 509304800.00 ns, 1.9428 us/op
WorkloadResult  73: 262144 op, 526868700.00 ns, 2.0098 us/op
WorkloadResult  74: 262144 op, 522356400.00 ns, 1.9926 us/op
WorkloadResult  75: 262144 op, 512272100.00 ns, 1.9542 us/op
WorkloadResult  76: 262144 op, 511257400.00 ns, 1.9503 us/op
WorkloadResult  77: 262144 op, 507595100.00 ns, 1.9363 us/op
WorkloadResult  78: 262144 op, 512015800.00 ns, 1.9532 us/op
WorkloadResult  79: 262144 op, 526932100.00 ns, 2.0101 us/op
WorkloadResult  80: 262144 op, 518697200.00 ns, 1.9787 us/op
// GC:  871 0 0 5467275264 262144
// Threading:  0 0 262144

// AfterAll
// Benchmark Process 11468 has exited with code 0.

Mean = 2.076 μs, StdErr = 0.011 μs (0.55%), N = 80, StdDev = 0.103 μs
Min = 1.934 μs, Q1 = 2.001 μs, Median = 2.055 μs, Q3 = 2.133 μs, Max = 2.416 μs
IQR = 0.132 μs, LowerFence = 1.802 μs, UpperFence = 2.332 μs
ConfidenceInterval = [2.037 μs; 2.116 μs] (CI 99.9%), Margin = 0.039 μs (1.89% of Mean)
Skewness = 0.96, Kurtosis = 3.45, MValue = 2

// ** Remained 7 (87.5%) benchmark(s) to run. Estimated finish 2026-09-16 18:17 (0h 6m from now) **
Setup power plan (GUID: 8c5e7fda-e8bf-4a96-9a85-a6e23a8c635c FriendlyName: High performance)
// **************************
// Benchmark: StringConcatenationBenchmark.StringBuilderConcatenation: DefaultJob [Iterations=100]
// *** Execute ***
// Launch: 1 / 1
// Execute: dotnet ConsoleApp1-DefaultJob-1.dll --anonymousPipes 1468 1176 --benchmarkName "StringConcatenationBenchmark.StringBuilderConcatenation(Iterations: 100)" --job Default --benchmarkId 1 in D:\The journey\Simulation\CSharp_Basics\Lecture 3\abdallahbdreldin-Assignment-4\submission\assignment\bin\Release\net8.0\ConsoleApp1-DefaultJob-1\bin\Release\net8.0
// BeforeAnythingElse

// Benchmark Process Environment Information:
// BenchmarkDotNet v0.15.8
// Runtime=.NET 8.0.31 (8.0.31, 8.0.3126.42015), X64 RyuJIT x86-64-v3
// GC=Concurrent Workstation
// HardwareIntrinsics=AVX2+BMI1+BMI2+F16C+FMA+LZCNT+MOVBE,AVX,SSE3+SSSE3+SSE4.1+SSE4.2+POPCNT,X86Base+SSE+SSE2,AES+PCLMUL VectorSize=256
// Job: DefaultJob

OverheadJitting  1: 1 op, 158100.00 ns, 158.1000 us/op
WorkloadJitting  1: 1 op, 253800.00 ns, 253.8000 us/op

OverheadJitting  2: 16 op, 407300.00 ns, 25.4563 us/op
WorkloadJitting  2: 16 op, 636700.00 ns, 39.7938 us/op

WorkloadPilot    1: 16 op, 39400.00 ns, 2.4625 us/op
WorkloadPilot    2: 32 op, 65400.00 ns, 2.0438 us/op
WorkloadPilot    3: 64 op, 174100.00 ns, 2.7203 us/op
WorkloadPilot    4: 128 op, 268900.00 ns, 2.1008 us/op
WorkloadPilot    5: 256 op, 454900.00 ns, 1.7770 us/op
WorkloadPilot    6: 512 op, 780900.00 ns, 1.5252 us/op
WorkloadPilot    7: 1024 op, 1695700.00 ns, 1.6560 us/op
WorkloadPilot    8: 2048 op, 3058000.00 ns, 1.4932 us/op
WorkloadPilot    9: 4096 op, 6283700.00 ns, 1.5341 us/op
WorkloadPilot   10: 8192 op, 12017900.00 ns, 1.4670 us/op
WorkloadPilot   11: 16384 op, 21971200.00 ns, 1.3410 us/op
WorkloadPilot   12: 32768 op, 47239600.00 ns, 1.4416 us/op
WorkloadPilot   13: 65536 op, 87500600.00 ns, 1.3352 us/op
WorkloadPilot   14: 131072 op, 96617700.00 ns, 737.1346 ns/op
WorkloadPilot   15: 262144 op, 151899400.00 ns, 579.4502 ns/op
WorkloadPilot   16: 524288 op, 294678700.00 ns, 562.0550 ns/op
WorkloadPilot   17: 1048576 op, 601355800.00 ns, 573.4976 ns/op

OverheadWarmup   1: 1048576 op, 3747300.00 ns, 3.5737 ns/op
OverheadWarmup   2: 1048576 op, 3623800.00 ns, 3.4559 ns/op
OverheadWarmup   3: 1048576 op, 3625300.00 ns, 3.4574 ns/op
OverheadWarmup   4: 1048576 op, 3630100.00 ns, 3.4619 ns/op
OverheadWarmup   5: 1048576 op, 3847300.00 ns, 3.6691 ns/op
OverheadWarmup   6: 1048576 op, 3647200.00 ns, 3.4782 ns/op
OverheadWarmup   7: 1048576 op, 3671900.00 ns, 3.5018 ns/op
OverheadWarmup   8: 1048576 op, 3868600.00 ns, 3.6894 ns/op
OverheadWarmup   9: 1048576 op, 3623400.00 ns, 3.4555 ns/op

OverheadActual   1: 1048576 op, 3618300.00 ns, 3.4507 ns/op
OverheadActual   2: 1048576 op, 3641500.00 ns, 3.4728 ns/op
OverheadActual   3: 1048576 op, 3635700.00 ns, 3.4673 ns/op
OverheadActual   4: 1048576 op, 3632600.00 ns, 3.4643 ns/op
OverheadActual   5: 1048576 op, 3643100.00 ns, 3.4743 ns/op
OverheadActual   6: 1048576 op, 3639900.00 ns, 3.4713 ns/op
OverheadActual   7: 1048576 op, 4008600.00 ns, 3.8229 ns/op
OverheadActual   8: 1048576 op, 3675400.00 ns, 3.5051 ns/op
OverheadActual   9: 1048576 op, 3655200.00 ns, 3.4859 ns/op
OverheadActual  10: 1048576 op, 3621900.00 ns, 3.4541 ns/op
OverheadActual  11: 1048576 op, 3678400.00 ns, 3.5080 ns/op
OverheadActual  12: 1048576 op, 3621700.00 ns, 3.4539 ns/op
OverheadActual  13: 1048576 op, 3635300.00 ns, 3.4669 ns/op
OverheadActual  14: 1048576 op, 3616200.00 ns, 3.4487 ns/op
OverheadActual  15: 1048576 op, 3686200.00 ns, 3.5154 ns/op

WorkloadWarmup   1: 1048576 op, 624879200.00 ns, 595.9312 ns/op
WorkloadWarmup   2: 1048576 op, 610544600.00 ns, 582.2607 ns/op
WorkloadWarmup   3: 1048576 op, 590322800.00 ns, 562.9757 ns/op
WorkloadWarmup   4: 1048576 op, 595086900.00 ns, 567.5191 ns/op
WorkloadWarmup   5: 1048576 op, 601888400.00 ns, 574.0055 ns/op
WorkloadWarmup   6: 1048576 op, 610560800.00 ns, 582.2762 ns/op
WorkloadWarmup   7: 1048576 op, 601170200.00 ns, 573.3206 ns/op
WorkloadWarmup   8: 1048576 op, 607230800.00 ns, 579.1004 ns/op
WorkloadWarmup   9: 1048576 op, 607084100.00 ns, 578.9605 ns/op

// BeforeActualRun
WorkloadActual   1: 1048576 op, 614541300.00 ns, 586.0723 ns/op
WorkloadActual   2: 1048576 op, 594946100.00 ns, 567.3848 ns/op
WorkloadActual   3: 1048576 op, 611083200.00 ns, 582.7744 ns/op
WorkloadActual   4: 1048576 op, 600143400.00 ns, 572.3413 ns/op
WorkloadActual   5: 1048576 op, 598326500.00 ns, 570.6086 ns/op
WorkloadActual   6: 1048576 op, 603244200.00 ns, 575.2985 ns/op
WorkloadActual   7: 1048576 op, 583557400.00 ns, 556.5237 ns/op
WorkloadActual   8: 1048576 op, 591756800.00 ns, 564.3433 ns/op
WorkloadActual   9: 1048576 op, 612963400.00 ns, 584.5675 ns/op
WorkloadActual  10: 1048576 op, 614663200.00 ns, 586.1885 ns/op
WorkloadActual  11: 1048576 op, 635347800.00 ns, 605.9149 ns/op
WorkloadActual  12: 1048576 op, 597004700.00 ns, 569.3480 ns/op
WorkloadActual  13: 1048576 op, 587083600.00 ns, 559.8866 ns/op
WorkloadActual  14: 1048576 op, 603338200.00 ns, 575.3881 ns/op
WorkloadActual  15: 1048576 op, 617502500.00 ns, 588.8963 ns/op
WorkloadActual  16: 1048576 op, 621772900.00 ns, 592.9688 ns/op
WorkloadActual  17: 1048576 op, 607505000.00 ns, 579.3619 ns/op
WorkloadActual  18: 1048576 op, 590365500.00 ns, 563.0164 ns/op
WorkloadActual  19: 1048576 op, 601975300.00 ns, 574.0884 ns/op

// AfterActualRun
WorkloadResult   1: 1048576 op, 610901400.00 ns, 582.6010 ns/op
WorkloadResult   2: 1048576 op, 591306200.00 ns, 563.9135 ns/op
WorkloadResult   3: 1048576 op, 607443300.00 ns, 579.3031 ns/op
WorkloadResult   4: 1048576 op, 596503500.00 ns, 568.8701 ns/op
WorkloadResult   5: 1048576 op, 594686600.00 ns, 567.1373 ns/op
WorkloadResult   6: 1048576 op, 599604300.00 ns, 571.8272 ns/op
WorkloadResult   7: 1048576 op, 579917500.00 ns, 553.0524 ns/op
WorkloadResult   8: 1048576 op, 588116900.00 ns, 560.8720 ns/op
WorkloadResult   9: 1048576 op, 609323500.00 ns, 581.0962 ns/op
WorkloadResult  10: 1048576 op, 611023300.00 ns, 582.7172 ns/op
WorkloadResult  11: 1048576 op, 631707900.00 ns, 602.4436 ns/op
WorkloadResult  12: 1048576 op, 593364800.00 ns, 565.8768 ns/op
WorkloadResult  13: 1048576 op, 583443700.00 ns, 556.4153 ns/op
WorkloadResult  14: 1048576 op, 599698300.00 ns, 571.9169 ns/op
WorkloadResult  15: 1048576 op, 613862600.00 ns, 585.4250 ns/op
WorkloadResult  16: 1048576 op, 618133000.00 ns, 589.4976 ns/op
WorkloadResult  17: 1048576 op, 603865100.00 ns, 575.8906 ns/op
WorkloadResult  18: 1048576 op, 586725600.00 ns, 559.5451 ns/op
WorkloadResult  19: 1048576 op, 598335400.00 ns, 570.6171 ns/op
// GC:  213 0 0 1342177280 1048576
// Threading:  0 0 1048576

// AfterAll
// Benchmark Process 23936 has exited with code 0.

Mean = 573.106 ns, StdErr = 2.855 ns (0.50%), N = 19, StdDev = 12.444 ns
Min = 553.052 ns, Q1 = 564.895 ns, Median = 571.827 ns, Q3 = 581.849 ns, Max = 602.444 ns
IQR = 16.953 ns, LowerFence = 539.465 ns, UpperFence = 607.279 ns
ConfidenceInterval = [561.910 ns; 584.302 ns] (CI 99.9%), Margin = 11.196 ns (1.95% of Mean)
Skewness = 0.42, Kurtosis = 2.56, MValue = 2

// ** Remained 6 (75.0%) benchmark(s) to run. Estimated finish 2026-09-16 18:14 (0h 3m from now) **
Setup power plan (GUID: 8c5e7fda-e8bf-4a96-9a85-a6e23a8c635c FriendlyName: High performance)
// **************************
// Benchmark: StringConcatenationBenchmark.StringConcatenation: DefaultJob [Iterations=1000]
// *** Execute ***
// Launch: 1 / 1
// Execute: dotnet ConsoleApp1-DefaultJob-1.dll --anonymousPipes 1544 1540 --benchmarkName "StringConcatenationBenchmark.StringConcatenation(Iterations: 1000)" --job Default --benchmarkId 2 in D:\The journey\Simulation\CSharp_Basics\Lecture 3\abdallahbdreldin-Assignment-4\submission\assignment\bin\Release\net8.0\ConsoleApp1-DefaultJob-1\bin\Release\net8.0
// BeforeAnythingElse

// Benchmark Process Environment Information:
// BenchmarkDotNet v0.15.8
// Runtime=.NET 8.0.31 (8.0.31, 8.0.3126.42015), X64 RyuJIT x86-64-v3
// GC=Concurrent Workstation
// HardwareIntrinsics=AVX2+BMI1+BMI2+F16C+FMA+LZCNT+MOVBE,AVX,SSE3+SSSE3+SSE4.1+SSE4.2+POPCNT,X86Base+SSE+SSE2,AES+PCLMUL VectorSize=256
// Job: DefaultJob

OverheadJitting  1: 1 op, 152700.00 ns, 152.7000 us/op
WorkloadJitting  1: 1 op, 1300100.00 ns, 1.3001 ms/op

OverheadJitting  2: 16 op, 419600.00 ns, 26.2250 us/op
WorkloadJitting  2: 16 op, 9197800.00 ns, 574.8625 us/op

WorkloadPilot    1: 16 op, 5475900.00 ns, 342.2438 us/op
WorkloadPilot    2: 32 op, 7997800.00 ns, 249.9313 us/op
WorkloadPilot    3: 64 op, 13777400.00 ns, 215.2719 us/op
WorkloadPilot    4: 128 op, 27180200.00 ns, 212.3453 us/op
WorkloadPilot    5: 256 op, 50995100.00 ns, 199.1996 us/op
WorkloadPilot    6: 512 op, 99656700.00 ns, 194.6420 us/op
WorkloadPilot    7: 1024 op, 190850600.00 ns, 186.3775 us/op
WorkloadPilot    8: 2048 op, 375495100.00 ns, 183.3472 us/op
WorkloadPilot    9: 4096 op, 1023038200.00 ns, 249.7652 us/op

OverheadWarmup   1: 4096 op, 39400.00 ns, 9.6191 ns/op
OverheadWarmup   2: 4096 op, 14600.00 ns, 3.5645 ns/op
OverheadWarmup   3: 4096 op, 14700.00 ns, 3.5889 ns/op
OverheadWarmup   4: 4096 op, 18200.00 ns, 4.4434 ns/op
OverheadWarmup   5: 4096 op, 17700.00 ns, 4.3213 ns/op
OverheadWarmup   6: 4096 op, 14600.00 ns, 3.5645 ns/op
OverheadWarmup   7: 4096 op, 18800.00 ns, 4.5898 ns/op
OverheadWarmup   8: 4096 op, 18900.00 ns, 4.6143 ns/op
OverheadWarmup   9: 4096 op, 14700.00 ns, 3.5889 ns/op

OverheadActual   1: 4096 op, 17200.00 ns, 4.1992 ns/op
OverheadActual   2: 4096 op, 15000.00 ns, 3.6621 ns/op
OverheadActual   3: 4096 op, 14800.00 ns, 3.6133 ns/op
OverheadActual   4: 4096 op, 14700.00 ns, 3.5889 ns/op
OverheadActual   5: 4096 op, 14700.00 ns, 3.5889 ns/op
OverheadActual   6: 4096 op, 19700.00 ns, 4.8096 ns/op
OverheadActual   7: 4096 op, 17200.00 ns, 4.1992 ns/op
OverheadActual   8: 4096 op, 15500.00 ns, 3.7842 ns/op
OverheadActual   9: 4096 op, 14800.00 ns, 3.6133 ns/op
OverheadActual  10: 4096 op, 14700.00 ns, 3.5889 ns/op
OverheadActual  11: 4096 op, 18800.00 ns, 4.5898 ns/op
OverheadActual  12: 4096 op, 14800.00 ns, 3.6133 ns/op
OverheadActual  13: 4096 op, 14700.00 ns, 3.5889 ns/op
OverheadActual  14: 4096 op, 20400.00 ns, 4.9805 ns/op
OverheadActual  15: 4096 op, 15400.00 ns, 3.7598 ns/op
OverheadActual  16: 4096 op, 15400.00 ns, 3.7598 ns/op
OverheadActual  17: 4096 op, 22900.00 ns, 5.5908 ns/op
OverheadActual  18: 4096 op, 18500.00 ns, 4.5166 ns/op
OverheadActual  19: 4096 op, 16100.00 ns, 3.9307 ns/op
OverheadActual  20: 4096 op, 15400.00 ns, 3.7598 ns/op

WorkloadWarmup   1: 4096 op, 1013565200.00 ns, 247.4524 us/op
WorkloadWarmup   2: 4096 op, 1081136600.00 ns, 263.9494 us/op
WorkloadWarmup   3: 4096 op, 705429400.00 ns, 172.2240 us/op
WorkloadWarmup   4: 4096 op, 886997900.00 ns, 216.5522 us/op
WorkloadWarmup   5: 4096 op, 697100000.00 ns, 170.1904 us/op
WorkloadWarmup   6: 4096 op, 1017722700.00 ns, 248.4675 us/op

// BeforeActualRun
WorkloadActual   1: 4096 op, 1002228100.00 ns, 244.6846 us/op
WorkloadActual   2: 4096 op, 1115855300.00 ns, 272.4256 us/op
WorkloadActual   3: 4096 op, 912543600.00 ns, 222.7890 us/op
WorkloadActual   4: 4096 op, 939749700.00 ns, 229.4311 us/op
WorkloadActual   5: 4096 op, 1263440100.00 ns, 308.4571 us/op
WorkloadActual   6: 4096 op, 815577600.00 ns, 199.1156 us/op
WorkloadActual   7: 4096 op, 807958300.00 ns, 197.2554 us/op
WorkloadActual   8: 4096 op, 773564400.00 ns, 188.8585 us/op
WorkloadActual   9: 4096 op, 737040000.00 ns, 179.9414 us/op
WorkloadActual  10: 4096 op, 737882600.00 ns, 180.1471 us/op
WorkloadActual  11: 4096 op, 747706700.00 ns, 182.5456 us/op
WorkloadActual  12: 4096 op, 789085800.00 ns, 192.6479 us/op
WorkloadActual  13: 4096 op, 736256800.00 ns, 179.7502 us/op
WorkloadActual  14: 4096 op, 755008000.00 ns, 184.3281 us/op
WorkloadActual  15: 4096 op, 731816600.00 ns, 178.6662 us/op
WorkloadActual  16: 4096 op, 742964500.00 ns, 181.3878 us/op
WorkloadActual  17: 4096 op, 738322200.00 ns, 180.2544 us/op
WorkloadActual  18: 4096 op, 738653100.00 ns, 180.3352 us/op
WorkloadActual  19: 4096 op, 742859100.00 ns, 181.3621 us/op
WorkloadActual  20: 4096 op, 947781200.00 ns, 231.3919 us/op
WorkloadActual  21: 4096 op, 818650500.00 ns, 199.8658 us/op
WorkloadActual  22: 4096 op, 818751300.00 ns, 199.8905 us/op
WorkloadActual  23: 4096 op, 1129326000.00 ns, 275.7144 us/op
WorkloadActual  24: 4096 op, 883510500.00 ns, 215.7008 us/op
WorkloadActual  25: 4096 op, 902950900.00 ns, 220.4470 us/op
WorkloadActual  26: 4096 op, 904114000.00 ns, 220.7310 us/op
WorkloadActual  27: 4096 op, 1029656400.00 ns, 251.3810 us/op
WorkloadActual  28: 4096 op, 1106328600.00 ns, 270.0998 us/op
WorkloadActual  29: 4096 op, 1085329500.00 ns, 264.9730 us/op
WorkloadActual  30: 4096 op, 804576200.00 ns, 196.4297 us/op
WorkloadActual  31: 4096 op, 793278500.00 ns, 193.6715 us/op
WorkloadActual  32: 4096 op, 813207800.00 ns, 198.5371 us/op
WorkloadActual  33: 4096 op, 1039859600.00 ns, 253.8720 us/op
WorkloadActual  34: 4096 op, 823161500.00 ns, 200.9672 us/op
WorkloadActual  35: 4096 op, 802950400.00 ns, 196.0328 us/op
WorkloadActual  36: 4096 op, 760302000.00 ns, 185.6206 us/op
WorkloadActual  37: 4096 op, 753877200.00 ns, 184.0521 us/op
WorkloadActual  38: 4096 op, 738330400.00 ns, 180.2564 us/op
WorkloadActual  39: 4096 op, 933706200.00 ns, 227.9556 us/op
WorkloadActual  40: 4096 op, 755950500.00 ns, 184.5582 us/op
WorkloadActual  41: 4096 op, 719770200.00 ns, 175.7251 us/op
WorkloadActual  42: 4096 op, 872946900.00 ns, 213.1218 us/op
WorkloadActual  43: 4096 op, 724052700.00 ns, 176.7707 us/op
WorkloadActual  44: 4096 op, 723998000.00 ns, 176.7573 us/op
WorkloadActual  45: 4096 op, 728060100.00 ns, 177.7490 us/op
WorkloadActual  46: 4096 op, 875647800.00 ns, 213.7812 us/op
WorkloadActual  47: 4096 op, 934998200.00 ns, 228.2710 us/op
WorkloadActual  48: 4096 op, 738855300.00 ns, 180.3846 us/op
WorkloadActual  49: 4096 op, 733073800.00 ns, 178.9731 us/op
WorkloadActual  50: 4096 op, 736000700.00 ns, 179.6877 us/op
WorkloadActual  51: 4096 op, 725726500.00 ns, 177.1793 us/op
WorkloadActual  52: 4096 op, 738216500.00 ns, 180.2286 us/op
WorkloadActual  53: 4096 op, 744542900.00 ns, 181.7732 us/op
WorkloadActual  54: 4096 op, 719218400.00 ns, 175.5904 us/op
WorkloadActual  55: 4096 op, 728640600.00 ns, 177.8908 us/op
WorkloadActual  56: 4096 op, 722154400.00 ns, 176.3072 us/op
WorkloadActual  57: 4096 op, 722610000.00 ns, 176.4185 us/op
WorkloadActual  58: 4096 op, 715196800.00 ns, 174.6086 us/op
WorkloadActual  59: 4096 op, 722614900.00 ns, 176.4197 us/op
WorkloadActual  60: 4096 op, 753906400.00 ns, 184.0592 us/op
WorkloadActual  61: 4096 op, 898586900.00 ns, 219.3816 us/op
WorkloadActual  62: 4096 op, 722921800.00 ns, 176.4946 us/op
WorkloadActual  63: 4096 op, 746244800.00 ns, 182.1887 us/op
WorkloadActual  64: 4096 op, 981235300.00 ns, 239.5594 us/op
WorkloadActual  65: 4096 op, 766957000.00 ns, 187.2454 us/op
WorkloadActual  66: 4096 op, 769105600.00 ns, 187.7699 us/op
WorkloadActual  67: 4096 op, 721333100.00 ns, 176.1067 us/op
WorkloadActual  68: 4096 op, 735217300.00 ns, 179.4964 us/op
WorkloadActual  69: 4096 op, 767157600.00 ns, 187.2943 us/op
WorkloadActual  70: 4096 op, 755261400.00 ns, 184.3900 us/op
WorkloadActual  71: 4096 op, 738035600.00 ns, 180.1845 us/op
WorkloadActual  72: 4096 op, 730353000.00 ns, 178.3088 us/op
WorkloadActual  73: 4096 op, 723120500.00 ns, 176.5431 us/op
WorkloadActual  74: 4096 op, 874750200.00 ns, 213.5621 us/op
WorkloadActual  75: 4096 op, 989341200.00 ns, 241.5384 us/op
WorkloadActual  76: 4096 op, 819621500.00 ns, 200.1029 us/op
WorkloadActual  77: 4096 op, 872277500.00 ns, 212.9584 us/op
WorkloadActual  78: 4096 op, 781462600.00 ns, 190.7868 us/op
WorkloadActual  79: 4096 op, 724131300.00 ns, 176.7899 us/op
WorkloadActual  80: 4096 op, 743849600.00 ns, 181.6039 us/op
WorkloadActual  81: 4096 op, 748466200.00 ns, 182.7310 us/op
WorkloadActual  82: 4096 op, 719065300.00 ns, 175.5531 us/op
WorkloadActual  83: 4096 op, 775588200.00 ns, 189.3526 us/op
WorkloadActual  84: 4096 op, 745783500.00 ns, 182.0760 us/op
WorkloadActual  85: 4096 op, 725647600.00 ns, 177.1601 us/op
WorkloadActual  86: 4096 op, 937081000.00 ns, 228.7795 us/op
WorkloadActual  87: 4096 op, 945602100.00 ns, 230.8599 us/op
WorkloadActual  88: 4096 op, 1050804000.00 ns, 256.5439 us/op
WorkloadActual  89: 4096 op, 1097568000.00 ns, 267.9609 us/op
WorkloadActual  90: 4096 op, 1038803200.00 ns, 253.6141 us/op
WorkloadActual  91: 4096 op, 896411100.00 ns, 218.8504 us/op
WorkloadActual  92: 4096 op, 860277600.00 ns, 210.0287 us/op
WorkloadActual  93: 4096 op, 809350600.00 ns, 197.5954 us/op
WorkloadActual  94: 4096 op, 808983600.00 ns, 197.5058 us/op
WorkloadActual  95: 4096 op, 807584300.00 ns, 197.1641 us/op
WorkloadActual  96: 4096 op, 799121300.00 ns, 195.0980 us/op
WorkloadActual  97: 4096 op, 826672300.00 ns, 201.8243 us/op
WorkloadActual  98: 4096 op, 812429700.00 ns, 198.3471 us/op
WorkloadActual  99: 4096 op, 814991800.00 ns, 198.9726 us/op
WorkloadActual  100: 4096 op, 807863300.00 ns, 197.2323 us/op

// AfterActualRun
WorkloadResult   1: 4096 op, 1002212700.00 ns, 244.6808 us/op
WorkloadResult   2: 4096 op, 912528200.00 ns, 222.7852 us/op
WorkloadResult   3: 4096 op, 939734300.00 ns, 229.4273 us/op
WorkloadResult   4: 4096 op, 815562200.00 ns, 199.1119 us/op
WorkloadResult   5: 4096 op, 807942900.00 ns, 197.2517 us/op
WorkloadResult   6: 4096 op, 773549000.00 ns, 188.8547 us/op
WorkloadResult   7: 4096 op, 737024600.00 ns, 179.9376 us/op
WorkloadResult   8: 4096 op, 737867200.00 ns, 180.1434 us/op
WorkloadResult   9: 4096 op, 747691300.00 ns, 182.5418 us/op
WorkloadResult  10: 4096 op, 789070400.00 ns, 192.6441 us/op
WorkloadResult  11: 4096 op, 736241400.00 ns, 179.7464 us/op
WorkloadResult  12: 4096 op, 754992600.00 ns, 184.3244 us/op
WorkloadResult  13: 4096 op, 731801200.00 ns, 178.6624 us/op
WorkloadResult  14: 4096 op, 742949100.00 ns, 181.3841 us/op
WorkloadResult  15: 4096 op, 738306800.00 ns, 180.2507 us/op
WorkloadResult  16: 4096 op, 738637700.00 ns, 180.3315 us/op
WorkloadResult  17: 4096 op, 742843700.00 ns, 181.3583 us/op
WorkloadResult  18: 4096 op, 947765800.00 ns, 231.3881 us/op
WorkloadResult  19: 4096 op, 818635100.00 ns, 199.8621 us/op
WorkloadResult  20: 4096 op, 818735900.00 ns, 199.8867 us/op
WorkloadResult  21: 4096 op, 883495100.00 ns, 215.6970 us/op
WorkloadResult  22: 4096 op, 902935500.00 ns, 220.4432 us/op
WorkloadResult  23: 4096 op, 904098600.00 ns, 220.7272 us/op
WorkloadResult  24: 4096 op, 1029641000.00 ns, 251.3772 us/op
WorkloadResult  25: 4096 op, 1085314100.00 ns, 264.9693 us/op
WorkloadResult  26: 4096 op, 804560800.00 ns, 196.4260 us/op
WorkloadResult  27: 4096 op, 793263100.00 ns, 193.6677 us/op
WorkloadResult  28: 4096 op, 813192400.00 ns, 198.5333 us/op
WorkloadResult  29: 4096 op, 1039844200.00 ns, 253.8682 us/op
WorkloadResult  30: 4096 op, 823146100.00 ns, 200.9634 us/op
WorkloadResult  31: 4096 op, 802935000.00 ns, 196.0291 us/op
WorkloadResult  32: 4096 op, 760286600.00 ns, 185.6168 us/op
WorkloadResult  33: 4096 op, 753861800.00 ns, 184.0483 us/op
WorkloadResult  34: 4096 op, 738315000.00 ns, 180.2527 us/op
WorkloadResult  35: 4096 op, 933690800.00 ns, 227.9519 us/op
WorkloadResult  36: 4096 op, 755935100.00 ns, 184.5545 us/op
WorkloadResult  37: 4096 op, 719754800.00 ns, 175.7214 us/op
WorkloadResult  38: 4096 op, 872931500.00 ns, 213.1180 us/op
WorkloadResult  39: 4096 op, 724037300.00 ns, 176.7669 us/op
WorkloadResult  40: 4096 op, 723982600.00 ns, 176.7536 us/op
WorkloadResult  41: 4096 op, 728044700.00 ns, 177.7453 us/op
WorkloadResult  42: 4096 op, 875632400.00 ns, 213.7774 us/op
WorkloadResult  43: 4096 op, 934982800.00 ns, 228.2673 us/op
WorkloadResult  44: 4096 op, 738839900.00 ns, 180.3808 us/op
WorkloadResult  45: 4096 op, 733058400.00 ns, 178.9693 us/op
WorkloadResult  46: 4096 op, 735985300.00 ns, 179.6839 us/op
WorkloadResult  47: 4096 op, 725711100.00 ns, 177.1756 us/op
WorkloadResult  48: 4096 op, 738201100.00 ns, 180.2249 us/op
WorkloadResult  49: 4096 op, 744527500.00 ns, 181.7694 us/op
WorkloadResult  50: 4096 op, 719203000.00 ns, 175.5867 us/op
WorkloadResult  51: 4096 op, 728625200.00 ns, 177.8870 us/op
WorkloadResult  52: 4096 op, 722139000.00 ns, 176.3035 us/op
WorkloadResult  53: 4096 op, 722594600.00 ns, 176.4147 us/op
WorkloadResult  54: 4096 op, 715181400.00 ns, 174.6048 us/op
WorkloadResult  55: 4096 op, 722599500.00 ns, 176.4159 us/op
WorkloadResult  56: 4096 op, 753891000.00 ns, 184.0554 us/op
WorkloadResult  57: 4096 op, 898571500.00 ns, 219.3778 us/op
WorkloadResult  58: 4096 op, 722906400.00 ns, 176.4908 us/op
WorkloadResult  59: 4096 op, 746229400.00 ns, 182.1849 us/op
WorkloadResult  60: 4096 op, 981219900.00 ns, 239.5556 us/op
WorkloadResult  61: 4096 op, 766941600.00 ns, 187.2416 us/op
WorkloadResult  62: 4096 op, 769090200.00 ns, 187.7662 us/op
WorkloadResult  63: 4096 op, 721317700.00 ns, 176.1030 us/op
WorkloadResult  64: 4096 op, 735201900.00 ns, 179.4927 us/op
WorkloadResult  65: 4096 op, 767142200.00 ns, 187.2906 us/op
WorkloadResult  66: 4096 op, 755246000.00 ns, 184.3862 us/op
WorkloadResult  67: 4096 op, 738020200.00 ns, 180.1807 us/op
WorkloadResult  68: 4096 op, 730337600.00 ns, 178.3051 us/op
WorkloadResult  69: 4096 op, 723105100.00 ns, 176.5393 us/op
WorkloadResult  70: 4096 op, 874734800.00 ns, 213.5583 us/op
WorkloadResult  71: 4096 op, 989325800.00 ns, 241.5346 us/op
WorkloadResult  72: 4096 op, 819606100.00 ns, 200.0991 us/op
WorkloadResult  73: 4096 op, 872262100.00 ns, 212.9546 us/op
WorkloadResult  74: 4096 op, 781447200.00 ns, 190.7830 us/op
WorkloadResult  75: 4096 op, 724115900.00 ns, 176.7861 us/op
WorkloadResult  76: 4096 op, 743834200.00 ns, 181.6001 us/op
WorkloadResult  77: 4096 op, 748450800.00 ns, 182.7272 us/op
WorkloadResult  78: 4096 op, 719049900.00 ns, 175.5493 us/op
WorkloadResult  79: 4096 op, 775572800.00 ns, 189.3488 us/op
WorkloadResult  80: 4096 op, 745768100.00 ns, 182.0723 us/op
WorkloadResult  81: 4096 op, 725632200.00 ns, 177.1563 us/op
WorkloadResult  82: 4096 op, 937065600.00 ns, 228.7758 us/op
WorkloadResult  83: 4096 op, 945586700.00 ns, 230.8561 us/op
WorkloadResult  84: 4096 op, 1050788600.00 ns, 256.5402 us/op
WorkloadResult  85: 4096 op, 1038787800.00 ns, 253.6103 us/op
WorkloadResult  86: 4096 op, 896395700.00 ns, 218.8466 us/op
WorkloadResult  87: 4096 op, 860262200.00 ns, 210.0250 us/op
WorkloadResult  88: 4096 op, 809335200.00 ns, 197.5916 us/op
WorkloadResult  89: 4096 op, 808968200.00 ns, 197.5020 us/op
WorkloadResult  90: 4096 op, 807568900.00 ns, 197.1604 us/op
WorkloadResult  91: 4096 op, 799105900.00 ns, 195.0942 us/op
WorkloadResult  92: 4096 op, 826656900.00 ns, 201.8205 us/op
WorkloadResult  93: 4096 op, 812414300.00 ns, 198.3433 us/op
WorkloadResult  94: 4096 op, 814976400.00 ns, 198.9688 us/op
WorkloadResult  95: 4096 op, 807847900.00 ns, 197.2285 us/op
// GC:  1854 26 0 11634507776 4096
// Threading:  0 0 4096

// AfterAll
// Benchmark Process 3040 has exited with code 0.

Mean = 197.187 μs, StdErr = 2.341 μs (1.19%), N = 95, StdDev = 22.818 μs
Min = 174.605 μs, Q1 = 180.041 μs, Median = 187.766 μs, Q3 = 211.490 μs, Max = 264.969 μs
IQR = 31.449 μs, LowerFence = 132.867 μs, UpperFence = 258.664 μs
ConfidenceInterval = [189.234 μs; 205.140 μs] (CI 99.9%), Margin = 7.953 μs (4.03% of Mean)
Skewness = 1.18, Kurtosis = 3.43, MValue = 2.55

// ** Remained 5 (62.5%) benchmark(s) to run. Estimated finish 2026-09-16 18:17 (0h 4m from now) **
Setup power plan (GUID: 8c5e7fda-e8bf-4a96-9a85-a6e23a8c635c FriendlyName: High performance)
// **************************
// Benchmark: StringConcatenationBenchmark.StringBuilderConcatenation: DefaultJob [Iterations=1000]
// *** Execute ***
// Launch: 1 / 1
// Execute: dotnet ConsoleApp1-DefaultJob-1.dll --anonymousPipes 1556 1548 --benchmarkName "StringConcatenationBenchmark.StringBuilderConcatenation(Iterations: 1000)" --job Default --benchmarkId 3 in D:\The journey\Simulation\CSharp_Basics\Lecture 3\abdallahbdreldin-Assignment-4\submission\assignment\bin\Release\net8.0\ConsoleApp1-DefaultJob-1\bin\Release\net8.0
// BeforeAnythingElse

// Benchmark Process Environment Information:
// BenchmarkDotNet v0.15.8
// Runtime=.NET 8.0.31 (8.0.31, 8.0.3126.42015), X64 RyuJIT x86-64-v3
// GC=Concurrent Workstation
// HardwareIntrinsics=AVX2+BMI1+BMI2+F16C+FMA+LZCNT+MOVBE,AVX,SSE3+SSSE3+SSE4.1+SSE4.2+POPCNT,X86Base+SSE+SSE2,AES+PCLMUL VectorSize=256
// Job: DefaultJob

OverheadJitting  1: 1 op, 150100.00 ns, 150.1000 us/op
WorkloadJitting  1: 1 op, 504700.00 ns, 504.7000 us/op

OverheadJitting  2: 16 op, 409900.00 ns, 25.6188 us/op
WorkloadJitting  2: 16 op, 6863100.00 ns, 428.9438 us/op

WorkloadPilot    1: 16 op, 342000.00 ns, 21.3750 us/op
WorkloadPilot    2: 32 op, 543000.00 ns, 16.9688 us/op
WorkloadPilot    3: 64 op, 1039000.00 ns, 16.2344 us/op
WorkloadPilot    4: 128 op, 2094500.00 ns, 16.3633 us/op
WorkloadPilot    5: 256 op, 4272700.00 ns, 16.6902 us/op
WorkloadPilot    6: 512 op, 8377400.00 ns, 16.3621 us/op
WorkloadPilot    7: 1024 op, 14577900.00 ns, 14.2362 us/op
WorkloadPilot    8: 2048 op, 30484900.00 ns, 14.8852 us/op
WorkloadPilot    9: 4096 op, 61626200.00 ns, 15.0455 us/op
WorkloadPilot   10: 8192 op, 107082300.00 ns, 13.0716 us/op
WorkloadPilot   11: 16384 op, 128642200.00 ns, 7.8517 us/op
WorkloadPilot   12: 32768 op, 185342000.00 ns, 5.6562 us/op
WorkloadPilot   13: 65536 op, 389282500.00 ns, 5.9400 us/op
WorkloadPilot   14: 131072 op, 800293300.00 ns, 6.1058 us/op

OverheadWarmup   1: 131072 op, 482100.00 ns, 3.6781 ns/op
OverheadWarmup   2: 131072 op, 501800.00 ns, 3.8284 ns/op
OverheadWarmup   3: 131072 op, 457400.00 ns, 3.4897 ns/op
OverheadWarmup   4: 131072 op, 454900.00 ns, 3.4706 ns/op
OverheadWarmup   5: 131072 op, 455600.00 ns, 3.4760 ns/op
OverheadWarmup   6: 131072 op, 456600.00 ns, 3.4836 ns/op
OverheadWarmup   7: 131072 op, 452700.00 ns, 3.4538 ns/op

OverheadActual   1: 131072 op, 458800.00 ns, 3.5004 ns/op
OverheadActual   2: 131072 op, 460900.00 ns, 3.5164 ns/op
OverheadActual   3: 131072 op, 449100.00 ns, 3.4264 ns/op
OverheadActual   4: 131072 op, 459700.00 ns, 3.5072 ns/op
OverheadActual   5: 131072 op, 450700.00 ns, 3.4386 ns/op
OverheadActual   6: 131072 op, 538400.00 ns, 4.1077 ns/op
OverheadActual   7: 131072 op, 466600.00 ns, 3.5599 ns/op
OverheadActual   8: 131072 op, 455700.00 ns, 3.4767 ns/op
OverheadActual   9: 131072 op, 454600.00 ns, 3.4683 ns/op
OverheadActual  10: 131072 op, 450500.00 ns, 3.4370 ns/op
OverheadActual  11: 131072 op, 488900.00 ns, 3.7300 ns/op
OverheadActual  12: 131072 op, 493000.00 ns, 3.7613 ns/op
OverheadActual  13: 131072 op, 447800.00 ns, 3.4164 ns/op
OverheadActual  14: 131072 op, 455000.00 ns, 3.4714 ns/op
OverheadActual  15: 131072 op, 456700.00 ns, 3.4843 ns/op

WorkloadWarmup   1: 131072 op, 1945079800.00 ns, 14.8398 us/op
WorkloadWarmup   2: 131072 op, 877106300.00 ns, 6.6918 us/op
WorkloadWarmup   3: 131072 op, 882068300.00 ns, 6.7296 us/op
WorkloadWarmup   4: 131072 op, 854587900.00 ns, 6.5200 us/op
WorkloadWarmup   5: 131072 op, 886368900.00 ns, 6.7625 us/op
WorkloadWarmup   6: 131072 op, 1090833600.00 ns, 8.3224 us/op
WorkloadWarmup   7: 131072 op, 872967200.00 ns, 6.6602 us/op

// BeforeActualRun
WorkloadActual   1: 131072 op, 827249600.00 ns, 6.3114 us/op
WorkloadActual   2: 131072 op, 776226000.00 ns, 5.9221 us/op
WorkloadActual   3: 131072 op, 888354100.00 ns, 6.7776 us/op
WorkloadActual   4: 131072 op, 832915300.00 ns, 6.3546 us/op
WorkloadActual   5: 131072 op, 817532300.00 ns, 6.2373 us/op
WorkloadActual   6: 131072 op, 796474200.00 ns, 6.0766 us/op
WorkloadActual   7: 131072 op, 779929200.00 ns, 5.9504 us/op
WorkloadActual   8: 131072 op, 772137400.00 ns, 5.8909 us/op
WorkloadActual   9: 131072 op, 776645400.00 ns, 5.9253 us/op
WorkloadActual  10: 131072 op, 761411700.00 ns, 5.8091 us/op
WorkloadActual  11: 131072 op, 760563500.00 ns, 5.8026 us/op
WorkloadActual  12: 131072 op, 761446500.00 ns, 5.8094 us/op
WorkloadActual  13: 131072 op, 759290300.00 ns, 5.7929 us/op
WorkloadActual  14: 131072 op, 752422500.00 ns, 5.7405 us/op
WorkloadActual  15: 131072 op, 730565500.00 ns, 5.5738 us/op
WorkloadActual  16: 131072 op, 763073900.00 ns, 5.8218 us/op
WorkloadActual  17: 131072 op, 825855800.00 ns, 6.3008 us/op
WorkloadActual  18: 131072 op, 840651200.00 ns, 6.4137 us/op
WorkloadActual  19: 131072 op, 741882200.00 ns, 5.6601 us/op
WorkloadActual  20: 131072 op, 780117900.00 ns, 5.9518 us/op
WorkloadActual  21: 131072 op, 734190400.00 ns, 5.6014 us/op
WorkloadActual  22: 131072 op, 722786200.00 ns, 5.5144 us/op
WorkloadActual  23: 131072 op, 720480800.00 ns, 5.4968 us/op
WorkloadActual  24: 131072 op, 790983100.00 ns, 6.0347 us/op
WorkloadActual  25: 131072 op, 769329300.00 ns, 5.8695 us/op
WorkloadActual  26: 131072 op, 786401800.00 ns, 5.9998 us/op
WorkloadActual  27: 131072 op, 730578100.00 ns, 5.5739 us/op
WorkloadActual  28: 131072 op, 732322100.00 ns, 5.5872 us/op
WorkloadActual  29: 131072 op, 716485700.00 ns, 5.4664 us/op
WorkloadActual  30: 131072 op, 752141200.00 ns, 5.7384 us/op
WorkloadActual  31: 131072 op, 733660200.00 ns, 5.5974 us/op
WorkloadActual  32: 131072 op, 733466900.00 ns, 5.5959 us/op
WorkloadActual  33: 131072 op, 704889800.00 ns, 5.3779 us/op
WorkloadActual  34: 131072 op, 716701700.00 ns, 5.4680 us/op
WorkloadActual  35: 131072 op, 746233800.00 ns, 5.6933 us/op
WorkloadActual  36: 131072 op, 738539300.00 ns, 5.6346 us/op
WorkloadActual  37: 131072 op, 739043100.00 ns, 5.6385 us/op
WorkloadActual  38: 131072 op, 724070700.00 ns, 5.5242 us/op
WorkloadActual  39: 131072 op, 738978600.00 ns, 5.6380 us/op
WorkloadActual  40: 131072 op, 749557600.00 ns, 5.7187 us/op
WorkloadActual  41: 131072 op, 724113800.00 ns, 5.5245 us/op
WorkloadActual  42: 131072 op, 720400100.00 ns, 5.4962 us/op
WorkloadActual  43: 131072 op, 726151600.00 ns, 5.5401 us/op
WorkloadActual  44: 131072 op, 732323500.00 ns, 5.5872 us/op
WorkloadActual  45: 131072 op, 734944400.00 ns, 5.6072 us/op
WorkloadActual  46: 131072 op, 719746200.00 ns, 5.4912 us/op
WorkloadActual  47: 131072 op, 711442800.00 ns, 5.4279 us/op
WorkloadActual  48: 131072 op, 736214200.00 ns, 5.6169 us/op
WorkloadActual  49: 131072 op, 698953700.00 ns, 5.3326 us/op
WorkloadActual  50: 131072 op, 717387800.00 ns, 5.4732 us/op
WorkloadActual  51: 131072 op, 723736100.00 ns, 5.5217 us/op
WorkloadActual  52: 131072 op, 700566100.00 ns, 5.3449 us/op
WorkloadActual  53: 131072 op, 717056800.00 ns, 5.4707 us/op
WorkloadActual  54: 131072 op, 726061400.00 ns, 5.5394 us/op
WorkloadActual  55: 131072 op, 713059800.00 ns, 5.4402 us/op
WorkloadActual  56: 131072 op, 716176900.00 ns, 5.4640 us/op
WorkloadActual  57: 131072 op, 711065200.00 ns, 5.4250 us/op
WorkloadActual  58: 131072 op, 715770100.00 ns, 5.4609 us/op
WorkloadActual  59: 131072 op, 719232300.00 ns, 5.4873 us/op
WorkloadActual  60: 131072 op, 720568000.00 ns, 5.4975 us/op

// AfterActualRun
WorkloadResult   1: 131072 op, 826792900.00 ns, 6.3079 us/op
WorkloadResult   2: 131072 op, 775769300.00 ns, 5.9187 us/op
WorkloadResult   3: 131072 op, 817075600.00 ns, 6.2338 us/op
WorkloadResult   4: 131072 op, 796017500.00 ns, 6.0731 us/op
WorkloadResult   5: 131072 op, 779472500.00 ns, 5.9469 us/op
WorkloadResult   6: 131072 op, 771680700.00 ns, 5.8875 us/op
WorkloadResult   7: 131072 op, 776188700.00 ns, 5.9218 us/op
WorkloadResult   8: 131072 op, 760955000.00 ns, 5.8056 us/op
WorkloadResult   9: 131072 op, 760106800.00 ns, 5.7992 us/op
WorkloadResult  10: 131072 op, 760989800.00 ns, 5.8059 us/op
WorkloadResult  11: 131072 op, 758833600.00 ns, 5.7894 us/op
WorkloadResult  12: 131072 op, 751965800.00 ns, 5.7370 us/op
WorkloadResult  13: 131072 op, 730108800.00 ns, 5.5703 us/op
WorkloadResult  14: 131072 op, 762617200.00 ns, 5.8183 us/op
WorkloadResult  15: 131072 op, 825399100.00 ns, 6.2973 us/op
WorkloadResult  16: 131072 op, 741425500.00 ns, 5.6566 us/op
WorkloadResult  17: 131072 op, 779661200.00 ns, 5.9483 us/op
WorkloadResult  18: 131072 op, 733733700.00 ns, 5.5979 us/op
WorkloadResult  19: 131072 op, 722329500.00 ns, 5.5109 us/op
WorkloadResult  20: 131072 op, 720024100.00 ns, 5.4933 us/op
WorkloadResult  21: 131072 op, 790526400.00 ns, 6.0312 us/op
WorkloadResult  22: 131072 op, 768872600.00 ns, 5.8660 us/op
WorkloadResult  23: 131072 op, 785945100.00 ns, 5.9963 us/op
WorkloadResult  24: 131072 op, 730121400.00 ns, 5.5704 us/op
WorkloadResult  25: 131072 op, 731865400.00 ns, 5.5837 us/op
WorkloadResult  26: 131072 op, 716029000.00 ns, 5.4629 us/op
WorkloadResult  27: 131072 op, 751684500.00 ns, 5.7349 us/op
WorkloadResult  28: 131072 op, 733203500.00 ns, 5.5939 us/op
WorkloadResult  29: 131072 op, 733010200.00 ns, 5.5924 us/op
WorkloadResult  30: 131072 op, 704433100.00 ns, 5.3744 us/op
WorkloadResult  31: 131072 op, 716245000.00 ns, 5.4645 us/op
WorkloadResult  32: 131072 op, 745777100.00 ns, 5.6898 us/op
WorkloadResult  33: 131072 op, 738082600.00 ns, 5.6311 us/op
WorkloadResult  34: 131072 op, 738586400.00 ns, 5.6350 us/op
WorkloadResult  35: 131072 op, 723614000.00 ns, 5.5207 us/op
WorkloadResult  36: 131072 op, 738521900.00 ns, 5.6345 us/op
WorkloadResult  37: 131072 op, 749100900.00 ns, 5.7152 us/op
WorkloadResult  38: 131072 op, 723657100.00 ns, 5.5211 us/op
WorkloadResult  39: 131072 op, 719943400.00 ns, 5.4927 us/op
WorkloadResult  40: 131072 op, 725694900.00 ns, 5.5366 us/op
WorkloadResult  41: 131072 op, 731866800.00 ns, 5.5837 us/op
WorkloadResult  42: 131072 op, 734487700.00 ns, 5.6037 us/op
WorkloadResult  43: 131072 op, 719289500.00 ns, 5.4877 us/op
WorkloadResult  44: 131072 op, 710986100.00 ns, 5.4244 us/op
WorkloadResult  45: 131072 op, 735757500.00 ns, 5.6134 us/op
WorkloadResult  46: 131072 op, 698497000.00 ns, 5.3291 us/op
WorkloadResult  47: 131072 op, 716931100.00 ns, 5.4698 us/op
WorkloadResult  48: 131072 op, 723279400.00 ns, 5.5182 us/op
WorkloadResult  49: 131072 op, 700109400.00 ns, 5.3414 us/op
WorkloadResult  50: 131072 op, 716600100.00 ns, 5.4672 us/op
WorkloadResult  51: 131072 op, 725604700.00 ns, 5.5359 us/op
WorkloadResult  52: 131072 op, 712603100.00 ns, 5.4367 us/op
WorkloadResult  53: 131072 op, 715720200.00 ns, 5.4605 us/op
WorkloadResult  54: 131072 op, 710608500.00 ns, 5.4215 us/op
WorkloadResult  55: 131072 op, 715313400.00 ns, 5.4574 us/op
WorkloadResult  56: 131072 op, 718775600.00 ns, 5.4838 us/op
WorkloadResult  57: 131072 op, 720111300.00 ns, 5.4940 us/op
// GC:  307 9 0 1928331264 131072
// Threading:  0 0 131072

// AfterAll
// Benchmark Process 10256 has exited with code 0.

Mean = 5.665 μs, StdErr = 0.031 μs (0.55%), N = 57, StdDev = 0.234 μs
Min = 5.329 μs, Q1 = 5.493 μs, Median = 5.594 μs, Q3 = 5.806 μs, Max = 6.308 μs
IQR = 0.313 μs, LowerFence = 5.023 μs, UpperFence = 6.275 μs
ConfidenceInterval = [5.557 μs; 5.773 μs] (CI 99.9%), Margin = 0.108 μs (1.90% of Mean)
Skewness = 1, Kurtosis = 3.36, MValue = 2

// ** Remained 4 (50.0%) benchmark(s) to run. Estimated finish 2026-09-16 18:16 (0h 3m from now) **
Setup power plan (GUID: 8c5e7fda-e8bf-4a96-9a85-a6e23a8c635c FriendlyName: High performance)
// **************************
// Benchmark: StringConcatenationBenchmark.StringConcatenation: DefaultJob [Iterations=10000]
// *** Execute ***
// Launch: 1 / 1
// Execute: dotnet ConsoleApp1-DefaultJob-1.dll --anonymousPipes 1528 1532 --benchmarkName "StringConcatenationBenchmark.StringConcatenation(Iterations: 10000)" --job Default --benchmarkId 4 in D:\The journey\Simulation\CSharp_Basics\Lecture 3\abdallahbdreldin-Assignment-4\submission\assignment\bin\Release\net8.0\ConsoleApp1-DefaultJob-1\bin\Release\net8.0
// BeforeAnythingElse

// Benchmark Process Environment Information:
// BenchmarkDotNet v0.15.8
// Runtime=.NET 8.0.31 (8.0.31, 8.0.3126.42015), X64 RyuJIT x86-64-v3
// GC=Concurrent Workstation
// HardwareIntrinsics=AVX2+BMI1+BMI2+F16C+FMA+LZCNT+MOVBE,AVX,SSE3+SSSE3+SSE4.1+SSE4.2+POPCNT,X86Base+SSE+SSE2,AES+PCLMUL VectorSize=256
// Job: DefaultJob

OverheadJitting  1: 1 op, 150400.00 ns, 150.4000 us/op
WorkloadJitting  1: 1 op, 28781300.00 ns, 28.7813 ms/op

OverheadJitting  2: 16 op, 411600.00 ns, 25.7250 us/op
WorkloadJitting  2: 16 op, 365805700.00 ns, 22.8629 ms/op

WorkloadPilot    1: 16 op, 361136100.00 ns, 22.5710 ms/op
WorkloadPilot    2: 32 op, 720031000.00 ns, 22.5010 ms/op

OverheadWarmup   1: 32 op, 700.00 ns, 21.8750 ns/op
OverheadWarmup   2: 32 op, 600.00 ns, 18.7500 ns/op
OverheadWarmup   3: 32 op, 600.00 ns, 18.7500 ns/op
OverheadWarmup   4: 32 op, 700.00 ns, 21.8750 ns/op
OverheadWarmup   5: 32 op, 600.00 ns, 18.7500 ns/op
OverheadWarmup   6: 32 op, 900.00 ns, 28.1250 ns/op

OverheadActual   1: 32 op, 800.00 ns, 25.0000 ns/op
OverheadActual   2: 32 op, 800.00 ns, 25.0000 ns/op
OverheadActual   3: 32 op, 700.00 ns, 21.8750 ns/op
OverheadActual   4: 32 op, 500.00 ns, 15.6250 ns/op
OverheadActual   5: 32 op, 1000.00 ns, 31.2500 ns/op
OverheadActual   6: 32 op, 500.00 ns, 15.6250 ns/op
OverheadActual   7: 32 op, 600.00 ns, 18.7500 ns/op
OverheadActual   8: 32 op, 500.00 ns, 15.6250 ns/op
OverheadActual   9: 32 op, 1600.00 ns, 50.0000 ns/op
OverheadActual  10: 32 op, 1000.00 ns, 31.2500 ns/op
OverheadActual  11: 32 op, 700.00 ns, 21.8750 ns/op
OverheadActual  12: 32 op, 700.00 ns, 21.8750 ns/op
OverheadActual  13: 32 op, 600.00 ns, 18.7500 ns/op
OverheadActual  14: 32 op, 600.00 ns, 18.7500 ns/op
OverheadActual  15: 32 op, 600.00 ns, 18.7500 ns/op
OverheadActual  16: 32 op, 500.00 ns, 15.6250 ns/op
OverheadActual  17: 32 op, 500.00 ns, 15.6250 ns/op
OverheadActual  18: 32 op, 800.00 ns, 25.0000 ns/op
OverheadActual  19: 32 op, 500.00 ns, 15.6250 ns/op
OverheadActual  20: 32 op, 800.00 ns, 25.0000 ns/op

WorkloadWarmup   1: 32 op, 735466300.00 ns, 22.9833 ms/op
WorkloadWarmup   2: 32 op, 728658500.00 ns, 22.7706 ms/op
WorkloadWarmup   3: 32 op, 2372504700.00 ns, 74.1408 ms/op
WorkloadWarmup   4: 32 op, 1925905800.00 ns, 60.1846 ms/op
WorkloadWarmup   5: 32 op, 1367218700.00 ns, 42.7256 ms/op
WorkloadWarmup   6: 32 op, 1351702500.00 ns, 42.2407 ms/op
WorkloadWarmup   7: 32 op, 1247538100.00 ns, 38.9856 ms/op
WorkloadWarmup   8: 32 op, 1112675700.00 ns, 34.7711 ms/op
WorkloadWarmup   9: 32 op, 997940400.00 ns, 31.1856 ms/op
WorkloadWarmup  10: 32 op, 1009483500.00 ns, 31.5464 ms/op
WorkloadWarmup  11: 32 op, 1030698700.00 ns, 32.2093 ms/op
WorkloadWarmup  12: 32 op, 995138100.00 ns, 31.0981 ms/op

// BeforeActualRun
WorkloadActual   1: 32 op, 975089300.00 ns, 30.4715 ms/op
WorkloadActual   2: 32 op, 992564100.00 ns, 31.0176 ms/op
WorkloadActual   3: 32 op, 1017732700.00 ns, 31.8041 ms/op
WorkloadActual   4: 32 op, 1003475600.00 ns, 31.3586 ms/op
WorkloadActual   5: 32 op, 968633000.00 ns, 30.2698 ms/op
WorkloadActual   6: 32 op, 1001740700.00 ns, 31.3044 ms/op
WorkloadActual   7: 32 op, 1124335100.00 ns, 35.1355 ms/op
WorkloadActual   8: 32 op, 1109198700.00 ns, 34.6625 ms/op
WorkloadActual   9: 32 op, 1065808600.00 ns, 33.3065 ms/op
WorkloadActual  10: 32 op, 1043407600.00 ns, 32.6065 ms/op
WorkloadActual  11: 32 op, 1086245200.00 ns, 33.9452 ms/op
WorkloadActual  12: 32 op, 962171700.00 ns, 30.0679 ms/op
WorkloadActual  13: 32 op, 969787300.00 ns, 30.3059 ms/op
WorkloadActual  14: 32 op, 980612100.00 ns, 30.6441 ms/op
WorkloadActual  15: 32 op, 981695500.00 ns, 30.6780 ms/op
WorkloadActual  16: 32 op, 973217400.00 ns, 30.4130 ms/op
WorkloadActual  17: 32 op, 978806900.00 ns, 30.5877 ms/op
WorkloadActual  18: 32 op, 966173100.00 ns, 30.1929 ms/op
WorkloadActual  19: 32 op, 981089300.00 ns, 30.6590 ms/op
WorkloadActual  20: 32 op, 969960400.00 ns, 30.3113 ms/op
WorkloadActual  21: 32 op, 984126800.00 ns, 30.7540 ms/op
WorkloadActual  22: 32 op, 1004602200.00 ns, 31.3938 ms/op
WorkloadActual  23: 32 op, 1003269600.00 ns, 31.3522 ms/op
WorkloadActual  24: 32 op, 992760400.00 ns, 31.0238 ms/op
WorkloadActual  25: 32 op, 970285800.00 ns, 30.3214 ms/op

// AfterActualRun
WorkloadResult   1: 32 op, 975088650.00 ns, 30.4715 ms/op
WorkloadResult   2: 32 op, 992563450.00 ns, 31.0176 ms/op
WorkloadResult   3: 32 op, 1017732050.00 ns, 31.8041 ms/op
WorkloadResult   4: 32 op, 1003474950.00 ns, 31.3586 ms/op
WorkloadResult   5: 32 op, 968632350.00 ns, 30.2698 ms/op
WorkloadResult   6: 32 op, 1001740050.00 ns, 31.3044 ms/op
WorkloadResult   7: 32 op, 1043406950.00 ns, 32.6065 ms/op
WorkloadResult   8: 32 op, 962171050.00 ns, 30.0678 ms/op
WorkloadResult   9: 32 op, 969786650.00 ns, 30.3058 ms/op
WorkloadResult  10: 32 op, 980611450.00 ns, 30.6441 ms/op
WorkloadResult  11: 32 op, 981694850.00 ns, 30.6780 ms/op
WorkloadResult  12: 32 op, 973216750.00 ns, 30.4130 ms/op
WorkloadResult  13: 32 op, 978806250.00 ns, 30.5877 ms/op
WorkloadResult  14: 32 op, 966172450.00 ns, 30.1929 ms/op
WorkloadResult  15: 32 op, 981088650.00 ns, 30.6590 ms/op
WorkloadResult  16: 32 op, 969959750.00 ns, 30.3112 ms/op
WorkloadResult  17: 32 op, 984126150.00 ns, 30.7539 ms/op
WorkloadResult  18: 32 op, 1004601550.00 ns, 31.3938 ms/op
WorkloadResult  19: 32 op, 1003268950.00 ns, 31.3522 ms/op
WorkloadResult  20: 32 op, 992759750.00 ns, 31.0237 ms/op
WorkloadResult  21: 32 op, 970285150.00 ns, 30.3214 ms/op
// GC:  1926 346 0 12141966592 32
// Threading:  0 0 32

// AfterAll
// Benchmark Process 22196 has exited with code 0.

Mean = 30.835 ms, StdErr = 0.137 ms (0.44%), N = 21, StdDev = 0.626 ms
Min = 30.068 ms, Q1 = 30.321 ms, Median = 30.659 ms, Q3 = 31.304 ms, Max = 32.606 ms
IQR = 0.983 ms, LowerFence = 28.847 ms, UpperFence = 32.779 ms
ConfidenceInterval = [30.310 ms; 31.361 ms] (CI 99.9%), Margin = 0.526 ms (1.70% of Mean)
Skewness = 1.08, Kurtosis = 3.7, MValue = 2

// ** Remained 3 (37.5%) benchmark(s) to run. Estimated finish 2026-09-16 18:16 (0h 2m from now) **
Setup power plan (GUID: 8c5e7fda-e8bf-4a96-9a85-a6e23a8c635c FriendlyName: High performance)
// **************************
// Benchmark: StringConcatenationBenchmark.StringBuilderConcatenation: DefaultJob [Iterations=10000]
// *** Execute ***
// Launch: 1 / 1
// Execute: dotnet ConsoleApp1-DefaultJob-1.dll --anonymousPipes 1492 1612 --benchmarkName "StringConcatenationBenchmark.StringBuilderConcatenation(Iterations: 10000)" --job Default --benchmarkId 5 in D:\The journey\Simulation\CSharp_Basics\Lecture 3\abdallahbdreldin-Assignment-4\submission\assignment\bin\Release\net8.0\ConsoleApp1-DefaultJob-1\bin\Release\net8.0
// BeforeAnythingElse

// Benchmark Process Environment Information:
// BenchmarkDotNet v0.15.8
// Runtime=.NET 8.0.31 (8.0.31, 8.0.3126.42015), X64 RyuJIT x86-64-v3
// GC=Concurrent Workstation
// HardwareIntrinsics=AVX2+BMI1+BMI2+F16C+FMA+LZCNT+MOVBE,AVX,SSE3+SSSE3+SSE4.1+SSE4.2+POPCNT,X86Base+SSE+SSE2,AES+PCLMUL VectorSize=256
// Job: DefaultJob

OverheadJitting  1: 1 op, 174200.00 ns, 174.2000 us/op
WorkloadJitting  1: 1 op, 13364300.00 ns, 13.3643 ms/op

OverheadJitting  2: 16 op, 868000.00 ns, 54.2500 us/op
WorkloadJitting  2: 16 op, 4843200.00 ns, 302.7000 us/op

WorkloadPilot    1: 16 op, 2766800.00 ns, 172.9250 us/op
WorkloadPilot    2: 32 op, 5157800.00 ns, 161.1813 us/op
WorkloadPilot    3: 64 op, 8978100.00 ns, 140.2828 us/op
WorkloadPilot    4: 128 op, 16751000.00 ns, 130.8672 us/op
WorkloadPilot    5: 256 op, 29685400.00 ns, 115.9586 us/op
WorkloadPilot    6: 512 op, 44288100.00 ns, 86.5002 us/op
WorkloadPilot    7: 1024 op, 82419800.00 ns, 80.4881 us/op
WorkloadPilot    8: 2048 op, 172501700.00 ns, 84.2293 us/op
WorkloadPilot    9: 4096 op, 322040500.00 ns, 78.6232 us/op
WorkloadPilot   10: 8192 op, 583917100.00 ns, 71.2789 us/op

OverheadWarmup   1: 8192 op, 47400.00 ns, 5.7861 ns/op
OverheadWarmup   2: 8192 op, 57900.00 ns, 7.0679 ns/op
OverheadWarmup   3: 8192 op, 50900.00 ns, 6.2134 ns/op
OverheadWarmup   4: 8192 op, 41900.00 ns, 5.1147 ns/op
OverheadWarmup   5: 8192 op, 41300.00 ns, 5.0415 ns/op
OverheadWarmup   6: 8192 op, 55700.00 ns, 6.7993 ns/op
OverheadWarmup   7: 8192 op, 90900.00 ns, 11.0962 ns/op
OverheadWarmup   8: 8192 op, 45200.00 ns, 5.5176 ns/op

OverheadActual   1: 8192 op, 52200.00 ns, 6.3721 ns/op
OverheadActual   2: 8192 op, 47200.00 ns, 5.7617 ns/op
OverheadActual   3: 8192 op, 41400.00 ns, 5.0537 ns/op
OverheadActual   4: 8192 op, 39400.00 ns, 4.8096 ns/op
OverheadActual   5: 8192 op, 52700.00 ns, 6.4331 ns/op
OverheadActual   6: 8192 op, 44500.00 ns, 5.4321 ns/op
OverheadActual   7: 8192 op, 50800.00 ns, 6.2012 ns/op
OverheadActual   8: 8192 op, 68300.00 ns, 8.3374 ns/op
OverheadActual   9: 8192 op, 62300.00 ns, 7.6050 ns/op
OverheadActual  10: 8192 op, 50000.00 ns, 6.1035 ns/op
OverheadActual  11: 8192 op, 61100.00 ns, 7.4585 ns/op
OverheadActual  12: 8192 op, 82500.00 ns, 10.0708 ns/op
OverheadActual  13: 8192 op, 64000.00 ns, 7.8125 ns/op
OverheadActual  14: 8192 op, 50800.00 ns, 6.2012 ns/op
OverheadActual  15: 8192 op, 48800.00 ns, 5.9570 ns/op
OverheadActual  16: 8192 op, 60900.00 ns, 7.4341 ns/op
OverheadActual  17: 8192 op, 59300.00 ns, 7.2388 ns/op
OverheadActual  18: 8192 op, 48500.00 ns, 5.9204 ns/op
OverheadActual  19: 8192 op, 56800.00 ns, 6.9336 ns/op
OverheadActual  20: 8192 op, 66900.00 ns, 8.1665 ns/op

WorkloadWarmup   1: 8192 op, 557971100.00 ns, 68.1117 us/op
WorkloadWarmup   2: 8192 op, 553190000.00 ns, 67.5281 us/op
WorkloadWarmup   3: 8192 op, 553865400.00 ns, 67.6105 us/op
WorkloadWarmup   4: 8192 op, 547259900.00 ns, 66.8042 us/op
WorkloadWarmup   5: 8192 op, 542354700.00 ns, 66.2054 us/op
WorkloadWarmup   6: 8192 op, 569646500.00 ns, 69.5369 us/op
WorkloadWarmup   7: 8192 op, 548037700.00 ns, 66.8991 us/op

// BeforeActualRun
WorkloadActual   1: 8192 op, 541980300.00 ns, 66.1597 us/op
WorkloadActual   2: 8192 op, 574608500.00 ns, 70.1426 us/op
WorkloadActual   3: 8192 op, 555952200.00 ns, 67.8653 us/op
WorkloadActual   4: 8192 op, 537414000.00 ns, 65.6023 us/op
WorkloadActual   5: 8192 op, 566500300.00 ns, 69.1529 us/op
WorkloadActual   6: 8192 op, 558081900.00 ns, 68.1252 us/op
WorkloadActual   7: 8192 op, 544108600.00 ns, 66.4195 us/op
WorkloadActual   8: 8192 op, 543859800.00 ns, 66.3891 us/op
WorkloadActual   9: 8192 op, 543646200.00 ns, 66.3631 us/op
WorkloadActual  10: 8192 op, 543962200.00 ns, 66.4016 us/op
WorkloadActual  11: 8192 op, 542163500.00 ns, 66.1821 us/op
WorkloadActual  12: 8192 op, 545199300.00 ns, 66.5526 us/op
WorkloadActual  13: 8192 op, 538449800.00 ns, 65.7287 us/op
WorkloadActual  14: 8192 op, 539636300.00 ns, 65.8736 us/op
WorkloadActual  15: 8192 op, 535242400.00 ns, 65.3372 us/op

// AfterActualRun
WorkloadResult   1: 8192 op, 541927850.00 ns, 66.1533 us/op
WorkloadResult   2: 8192 op, 555899750.00 ns, 67.8589 us/op
WorkloadResult   3: 8192 op, 537361550.00 ns, 65.5959 us/op
WorkloadResult   4: 8192 op, 558029450.00 ns, 68.1188 us/op
WorkloadResult   5: 8192 op, 544056150.00 ns, 66.4131 us/op
WorkloadResult   6: 8192 op, 543807350.00 ns, 66.3827 us/op
WorkloadResult   7: 8192 op, 543593750.00 ns, 66.3567 us/op
WorkloadResult   8: 8192 op, 543909750.00 ns, 66.3952 us/op
WorkloadResult   9: 8192 op, 542111050.00 ns, 66.1757 us/op
WorkloadResult  10: 8192 op, 545146850.00 ns, 66.5462 us/op
WorkloadResult  11: 8192 op, 538397350.00 ns, 65.7223 us/op
WorkloadResult  12: 8192 op, 539583850.00 ns, 65.8672 us/op
WorkloadResult  13: 8192 op, 535189950.00 ns, 65.3308 us/op
// GC:  207 51 0 1306001408 8192
// Threading:  0 0 8192

// AfterAll
// Benchmark Process 2416 has exited with code 0.

Mean = 66.378 μs, StdErr = 0.223 μs (0.34%), N = 13, StdDev = 0.803 μs
Min = 65.331 μs, Q1 = 65.867 μs, Median = 66.357 μs, Q3 = 66.413 μs, Max = 68.119 μs
IQR = 0.546 μs, LowerFence = 65.048 μs, UpperFence = 67.232 μs
ConfidenceInterval = [65.416 μs; 67.340 μs] (CI 99.9%), Margin = 0.962 μs (1.45% of Mean)
Skewness = 0.96, Kurtosis = 2.92, MValue = 2

// ** Remained 2 (25.0%) benchmark(s) to run. Estimated finish 2026-09-16 18:15 (0h 1m from now) **
Setup power plan (GUID: 8c5e7fda-e8bf-4a96-9a85-a6e23a8c635c FriendlyName: High performance)
// **************************
// Benchmark: StringConcatenationBenchmark.StringConcatenation: DefaultJob [Iterations=100000]
// *** Execute ***
// Launch: 1 / 1
// Execute: dotnet ConsoleApp1-DefaultJob-1.dll --anonymousPipes 1632 1636 --benchmarkName "StringConcatenationBenchmark.StringConcatenation(Iterations: 100000)" --job Default --benchmarkId 6 in D:\The journey\Simulation\CSharp_Basics\Lecture 3\abdallahbdreldin-Assignment-4\submission\assignment\bin\Release\net8.0\ConsoleApp1-DefaultJob-1\bin\Release\net8.0
// BeforeAnythingElse

// Benchmark Process Environment Information:
// BenchmarkDotNet v0.15.8
// Runtime=.NET 8.0.31 (8.0.31, 8.0.3126.42015), X64 RyuJIT x86-64-v3
// GC=Concurrent Workstation
// HardwareIntrinsics=AVX2+BMI1+BMI2+F16C+FMA+LZCNT+MOVBE,AVX,SSE3+SSSE3+SSE4.1+SSE4.2+POPCNT,X86Base+SSE+SSE2,AES+PCLMUL VectorSize=256
// Job: DefaultJob

OverheadJitting  1: 1 op, 207600.00 ns, 207.6000 us/op
WorkloadJitting  1: 1 op, 8608433200.00 ns, 8.6084 s/op

OverheadJitting  2: 1 op, 500.00 ns, 500.0000 ns/op
WorkloadJitting  2: 1 op, 8638959300.00 ns, 8.6390 s/op

WorkloadWarmup   1: 1 op, 8783212000.00 ns, 8.7832 s/op
WorkloadWarmup   2: 1 op, 8879601400.00 ns, 8.8796 s/op
WorkloadWarmup   3: 1 op, 8647586800.00 ns, 8.6476 s/op
WorkloadWarmup   4: 1 op, 8521942600.00 ns, 8.5219 s/op
WorkloadWarmup   5: 1 op, 8539569800.00 ns, 8.5396 s/op
WorkloadWarmup   6: 1 op, 8565403000.00 ns, 8.5654 s/op
WorkloadWarmup   7: 1 op, 9035693400.00 ns, 9.0357 s/op
WorkloadWarmup   8: 1 op, 8620725700.00 ns, 8.6207 s/op

// BeforeActualRun
WorkloadActual   1: 1 op, 8483985200.00 ns, 8.4840 s/op
WorkloadActual   2: 1 op, 9085017400.00 ns, 9.0850 s/op
WorkloadActual   3: 1 op, 8510760000.00 ns, 8.5108 s/op
WorkloadActual   4: 1 op, 8588722200.00 ns, 8.5887 s/op
WorkloadActual   5: 1 op, 8480579800.00 ns, 8.4806 s/op
WorkloadActual   6: 1 op, 11361632000.00 ns, 11.3616 s/op
WorkloadActual   7: 1 op, 11069187600.00 ns, 11.0692 s/op
WorkloadActual   8: 1 op, 9565928700.00 ns, 9.5659 s/op
WorkloadActual   9: 1 op, 10403234100.00 ns, 10.4032 s/op
WorkloadActual  10: 1 op, 8552693400.00 ns, 8.5527 s/op
WorkloadActual  11: 1 op, 8352105600.00 ns, 8.3521 s/op
WorkloadActual  12: 1 op, 8478990100.00 ns, 8.4790 s/op
WorkloadActual  13: 1 op, 9597933600.00 ns, 9.5979 s/op
WorkloadActual  14: 1 op, 8481312900.00 ns, 8.4813 s/op
WorkloadActual  15: 1 op, 6498210200.00 ns, 6.4982 s/op
WorkloadActual  16: 1 op, 6089849400.00 ns, 6.0898 s/op
WorkloadActual  17: 1 op, 6318741900.00 ns, 6.3187 s/op
WorkloadActual  18: 1 op, 7372407500.00 ns, 7.3724 s/op
WorkloadActual  19: 1 op, 7520322800.00 ns, 7.5203 s/op
WorkloadActual  20: 1 op, 7009186300.00 ns, 7.0092 s/op
WorkloadActual  21: 1 op, 6952639600.00 ns, 6.9526 s/op
WorkloadActual  22: 1 op, 6620000500.00 ns, 6.6200 s/op
WorkloadActual  23: 1 op, 6271244600.00 ns, 6.2712 s/op
WorkloadActual  24: 1 op, 6211494000.00 ns, 6.2115 s/op
WorkloadActual  25: 1 op, 7589991300.00 ns, 7.5900 s/op
WorkloadActual  26: 1 op, 7292711200.00 ns, 7.2927 s/op
WorkloadActual  27: 1 op, 6645055100.00 ns, 6.6451 s/op
WorkloadActual  28: 1 op, 7282529800.00 ns, 7.2825 s/op
WorkloadActual  29: 1 op, 6396137800.00 ns, 6.3961 s/op
WorkloadActual  30: 1 op, 6258087900.00 ns, 6.2581 s/op
WorkloadActual  31: 1 op, 6289896500.00 ns, 6.2899 s/op
WorkloadActual  32: 1 op, 6126441100.00 ns, 6.1264 s/op
WorkloadActual  33: 1 op, 7681244800.00 ns, 7.6812 s/op
WorkloadActual  34: 1 op, 8225912200.00 ns, 8.2259 s/op
WorkloadActual  35: 1 op, 7789085000.00 ns, 7.7891 s/op
WorkloadActual  36: 1 op, 7214163100.00 ns, 7.2142 s/op
WorkloadActual  37: 1 op, 6768797100.00 ns, 6.7688 s/op
WorkloadActual  38: 1 op, 6374404800.00 ns, 6.3744 s/op
WorkloadActual  39: 1 op, 6269516600.00 ns, 6.2695 s/op
WorkloadActual  40: 1 op, 6365655800.00 ns, 6.3657 s/op
WorkloadActual  41: 1 op, 6237319300.00 ns, 6.2373 s/op
WorkloadActual  42: 1 op, 6194025000.00 ns, 6.1940 s/op
WorkloadActual  43: 1 op, 6091712200.00 ns, 6.0917 s/op
WorkloadActual  44: 1 op, 6158767900.00 ns, 6.1588 s/op
WorkloadActual  45: 1 op, 6118356300.00 ns, 6.1184 s/op
WorkloadActual  46: 1 op, 6422574800.00 ns, 6.4226 s/op
WorkloadActual  47: 1 op, 6176950600.00 ns, 6.1770 s/op
WorkloadActual  48: 1 op, 6122314700.00 ns, 6.1223 s/op
WorkloadActual  49: 1 op, 6196689500.00 ns, 6.1967 s/op
WorkloadActual  50: 1 op, 6201828400.00 ns, 6.2018 s/op
WorkloadActual  51: 1 op, 6196916100.00 ns, 6.1969 s/op
WorkloadActual  52: 1 op, 6188915500.00 ns, 6.1889 s/op
WorkloadActual  53: 1 op, 6137142700.00 ns, 6.1371 s/op
WorkloadActual  54: 1 op, 6183062700.00 ns, 6.1831 s/op
WorkloadActual  55: 1 op, 6234890700.00 ns, 6.2349 s/op
WorkloadActual  56: 1 op, 6253857500.00 ns, 6.2539 s/op
WorkloadActual  57: 1 op, 6365800900.00 ns, 6.3658 s/op
WorkloadActual  58: 1 op, 6171984400.00 ns, 6.1720 s/op
WorkloadActual  59: 1 op, 6465351800.00 ns, 6.4654 s/op
WorkloadActual  60: 1 op, 6222472600.00 ns, 6.2225 s/op
WorkloadActual  61: 1 op, 6119308900.00 ns, 6.1193 s/op
WorkloadActual  62: 1 op, 6245495400.00 ns, 6.2455 s/op
WorkloadActual  63: 1 op, 6148792800.00 ns, 6.1488 s/op
WorkloadActual  64: 1 op, 6142716600.00 ns, 6.1427 s/op
WorkloadActual  65: 1 op, 6213293600.00 ns, 6.2133 s/op
WorkloadActual  66: 1 op, 6355134300.00 ns, 6.3551 s/op
WorkloadActual  67: 1 op, 6325727900.00 ns, 6.3257 s/op
WorkloadActual  68: 1 op, 6169705500.00 ns, 6.1697 s/op
WorkloadActual  69: 1 op, 6206900300.00 ns, 6.2069 s/op
WorkloadActual  70: 1 op, 6253232600.00 ns, 6.2532 s/op
WorkloadActual  71: 1 op, 6294188100.00 ns, 6.2942 s/op
WorkloadActual  72: 1 op, 6420420200.00 ns, 6.4204 s/op
WorkloadActual  73: 1 op, 6243591000.00 ns, 6.2436 s/op
WorkloadActual  74: 1 op, 6306065500.00 ns, 6.3061 s/op
WorkloadActual  75: 1 op, 6225511800.00 ns, 6.2255 s/op
WorkloadActual  76: 1 op, 6191405600.00 ns, 6.1914 s/op
WorkloadActual  77: 1 op, 6298051400.00 ns, 6.2981 s/op
WorkloadActual  78: 1 op, 6320358600.00 ns, 6.3204 s/op
WorkloadActual  79: 1 op, 7011217900.00 ns, 7.0112 s/op
WorkloadActual  80: 1 op, 6940706700.00 ns, 6.9407 s/op
WorkloadActual  81: 1 op, 8093624500.00 ns, 8.0936 s/op
WorkloadActual  82: 1 op, 7818316800.00 ns, 7.8183 s/op
WorkloadActual  83: 1 op, 7768872500.00 ns, 7.7689 s/op
WorkloadActual  84: 1 op, 6623037600.00 ns, 6.6230 s/op
WorkloadActual  85: 1 op, 6441933100.00 ns, 6.4419 s/op
WorkloadActual  86: 1 op, 6417020000.00 ns, 6.4170 s/op
WorkloadActual  87: 1 op, 14514386800.00 ns, 14.5144 s/op
WorkloadActual  88: 1 op, 11298547900.00 ns, 11.2985 s/op
WorkloadActual  89: 1 op, 10676185200.00 ns, 10.6762 s/op
WorkloadActual  90: 1 op, 11193208100.00 ns, 11.1932 s/op
WorkloadActual  91: 1 op, 10356765200.00 ns, 10.3568 s/op
WorkloadActual  92: 1 op, 11264952200.00 ns, 11.2650 s/op
WorkloadActual  93: 1 op, 10764903200.00 ns, 10.7649 s/op
WorkloadActual  94: 1 op, 11566695900.00 ns, 11.5667 s/op
WorkloadActual  95: 1 op, 11934529500.00 ns, 11.9345 s/op
WorkloadActual  96: 1 op, 13014778000.00 ns, 13.0148 s/op
WorkloadActual  97: 1 op, 10935216600.00 ns, 10.9352 s/op
WorkloadActual  98: 1 op, 10549284200.00 ns, 10.5493 s/op
WorkloadActual  99: 1 op, 10226276900.00 ns, 10.2263 s/op
WorkloadActual  100: 1 op, 9671696600.00 ns, 9.6717 s/op

// AfterActualRun
WorkloadResult   1: 1 op, 8483985200.00 ns, 8.4840 s/op
WorkloadResult   2: 1 op, 9085017400.00 ns, 9.0850 s/op
WorkloadResult   3: 1 op, 8510760000.00 ns, 8.5108 s/op
WorkloadResult   4: 1 op, 8588722200.00 ns, 8.5887 s/op
WorkloadResult   5: 1 op, 8480579800.00 ns, 8.4806 s/op
WorkloadResult   6: 1 op, 11361632000.00 ns, 11.3616 s/op
WorkloadResult   7: 1 op, 11069187600.00 ns, 11.0692 s/op
WorkloadResult   8: 1 op, 9565928700.00 ns, 9.5659 s/op
WorkloadResult   9: 1 op, 10403234100.00 ns, 10.4032 s/op
WorkloadResult  10: 1 op, 8552693400.00 ns, 8.5527 s/op
WorkloadResult  11: 1 op, 8352105600.00 ns, 8.3521 s/op
WorkloadResult  12: 1 op, 8478990100.00 ns, 8.4790 s/op
WorkloadResult  13: 1 op, 9597933600.00 ns, 9.5979 s/op
WorkloadResult  14: 1 op, 8481312900.00 ns, 8.4813 s/op
WorkloadResult  15: 1 op, 6498210200.00 ns, 6.4982 s/op
WorkloadResult  16: 1 op, 6089849400.00 ns, 6.0898 s/op
WorkloadResult  17: 1 op, 6318741900.00 ns, 6.3187 s/op
WorkloadResult  18: 1 op, 7372407500.00 ns, 7.3724 s/op
WorkloadResult  19: 1 op, 7520322800.00 ns, 7.5203 s/op
WorkloadResult  20: 1 op, 7009186300.00 ns, 7.0092 s/op
WorkloadResult  21: 1 op, 6952639600.00 ns, 6.9526 s/op
WorkloadResult  22: 1 op, 6620000500.00 ns, 6.6200 s/op
WorkloadResult  23: 1 op, 6271244600.00 ns, 6.2712 s/op
WorkloadResult  24: 1 op, 6211494000.00 ns, 6.2115 s/op
WorkloadResult  25: 1 op, 7589991300.00 ns, 7.5900 s/op
WorkloadResult  26: 1 op, 7292711200.00 ns, 7.2927 s/op
WorkloadResult  27: 1 op, 6645055100.00 ns, 6.6451 s/op
WorkloadResult  28: 1 op, 7282529800.00 ns, 7.2825 s/op
WorkloadResult  29: 1 op, 6396137800.00 ns, 6.3961 s/op
WorkloadResult  30: 1 op, 6258087900.00 ns, 6.2581 s/op
WorkloadResult  31: 1 op, 6289896500.00 ns, 6.2899 s/op
WorkloadResult  32: 1 op, 6126441100.00 ns, 6.1264 s/op
WorkloadResult  33: 1 op, 7681244800.00 ns, 7.6812 s/op
WorkloadResult  34: 1 op, 8225912200.00 ns, 8.2259 s/op
WorkloadResult  35: 1 op, 7789085000.00 ns, 7.7891 s/op
WorkloadResult  36: 1 op, 7214163100.00 ns, 7.2142 s/op
WorkloadResult  37: 1 op, 6768797100.00 ns, 6.7688 s/op
WorkloadResult  38: 1 op, 6374404800.00 ns, 6.3744 s/op
WorkloadResult  39: 1 op, 6269516600.00 ns, 6.2695 s/op
WorkloadResult  40: 1 op, 6365655800.00 ns, 6.3657 s/op
WorkloadResult  41: 1 op, 6237319300.00 ns, 6.2373 s/op
WorkloadResult  42: 1 op, 6194025000.00 ns, 6.1940 s/op
WorkloadResult  43: 1 op, 6091712200.00 ns, 6.0917 s/op
WorkloadResult  44: 1 op, 6158767900.00 ns, 6.1588 s/op
WorkloadResult  45: 1 op, 6118356300.00 ns, 6.1184 s/op
WorkloadResult  46: 1 op, 6422574800.00 ns, 6.4226 s/op
WorkloadResult  47: 1 op, 6176950600.00 ns, 6.1770 s/op
WorkloadResult  48: 1 op, 6122314700.00 ns, 6.1223 s/op
WorkloadResult  49: 1 op, 6196689500.00 ns, 6.1967 s/op
WorkloadResult  50: 1 op, 6201828400.00 ns, 6.2018 s/op
WorkloadResult  51: 1 op, 6196916100.00 ns, 6.1969 s/op
WorkloadResult  52: 1 op, 6188915500.00 ns, 6.1889 s/op
WorkloadResult  53: 1 op, 6137142700.00 ns, 6.1371 s/op
WorkloadResult  54: 1 op, 6183062700.00 ns, 6.1831 s/op
WorkloadResult  55: 1 op, 6234890700.00 ns, 6.2349 s/op
WorkloadResult  56: 1 op, 6253857500.00 ns, 6.2539 s/op
WorkloadResult  57: 1 op, 6365800900.00 ns, 6.3658 s/op
WorkloadResult  58: 1 op, 6171984400.00 ns, 6.1720 s/op
WorkloadResult  59: 1 op, 6465351800.00 ns, 6.4654 s/op
WorkloadResult  60: 1 op, 6222472600.00 ns, 6.2225 s/op
WorkloadResult  61: 1 op, 6119308900.00 ns, 6.1193 s/op
WorkloadResult  62: 1 op, 6245495400.00 ns, 6.2455 s/op
WorkloadResult  63: 1 op, 6148792800.00 ns, 6.1488 s/op
WorkloadResult  64: 1 op, 6142716600.00 ns, 6.1427 s/op
WorkloadResult  65: 1 op, 6213293600.00 ns, 6.2133 s/op
WorkloadResult  66: 1 op, 6355134300.00 ns, 6.3551 s/op
WorkloadResult  67: 1 op, 6325727900.00 ns, 6.3257 s/op
WorkloadResult  68: 1 op, 6169705500.00 ns, 6.1697 s/op
WorkloadResult  69: 1 op, 6206900300.00 ns, 6.2069 s/op
WorkloadResult  70: 1 op, 6253232600.00 ns, 6.2532 s/op
WorkloadResult  71: 1 op, 6294188100.00 ns, 6.2942 s/op
WorkloadResult  72: 1 op, 6420420200.00 ns, 6.4204 s/op
WorkloadResult  73: 1 op, 6243591000.00 ns, 6.2436 s/op
WorkloadResult  74: 1 op, 6306065500.00 ns, 6.3061 s/op
WorkloadResult  75: 1 op, 6225511800.00 ns, 6.2255 s/op
WorkloadResult  76: 1 op, 6191405600.00 ns, 6.1914 s/op
WorkloadResult  77: 1 op, 6298051400.00 ns, 6.2981 s/op
WorkloadResult  78: 1 op, 6320358600.00 ns, 6.3204 s/op
WorkloadResult  79: 1 op, 7011217900.00 ns, 7.0112 s/op
WorkloadResult  80: 1 op, 6940706700.00 ns, 6.9407 s/op
WorkloadResult  81: 1 op, 8093624500.00 ns, 8.0936 s/op
WorkloadResult  82: 1 op, 7818316800.00 ns, 7.8183 s/op
WorkloadResult  83: 1 op, 7768872500.00 ns, 7.7689 s/op
WorkloadResult  84: 1 op, 6623037600.00 ns, 6.6230 s/op
WorkloadResult  85: 1 op, 6441933100.00 ns, 6.4419 s/op
WorkloadResult  86: 1 op, 6417020000.00 ns, 6.4170 s/op
WorkloadResult  87: 1 op, 11298547900.00 ns, 11.2985 s/op
WorkloadResult  88: 1 op, 10676185200.00 ns, 10.6762 s/op
WorkloadResult  89: 1 op, 11193208100.00 ns, 11.1932 s/op
WorkloadResult  90: 1 op, 10356765200.00 ns, 10.3568 s/op
WorkloadResult  91: 1 op, 11264952200.00 ns, 11.2650 s/op
WorkloadResult  92: 1 op, 10764903200.00 ns, 10.7649 s/op
WorkloadResult  93: 1 op, 11566695900.00 ns, 11.5667 s/op
WorkloadResult  94: 1 op, 10935216600.00 ns, 10.9352 s/op
WorkloadResult  95: 1 op, 10549284200.00 ns, 10.5493 s/op
WorkloadResult  96: 1 op, 10226276900.00 ns, 10.2263 s/op
WorkloadResult  97: 1 op, 9671696600.00 ns, 9.6717 s/op
// GC:  10672 10599 10587 47915149544 1
// Threading:  0 0 1

// AfterAll
// Benchmark Process 17828 has exited with code 0.

Mean = 7.411 s, StdErr = 0.168 s (2.26%), N = 97, StdDev = 1.652 s
Min = 6.090 s, Q1 = 6.226 s, Median = 6.423 s, Q3 = 8.352 s, Max = 11.567 s
IQR = 2.127 s, LowerFence = 3.036 s, UpperFence = 11.542 s
ConfidenceInterval = [6.842 s; 7.981 s] (CI 99.9%), Margin = 0.569 s (7.68% of Mean)
Skewness = 1.23, Kurtosis = 3.15, MValue = 2.51

// ** Remained 1 (12.5%) benchmark(s) to run. Estimated finish 2026-09-16 18:31 (0h 2m from now) **
Setup power plan (GUID: 8c5e7fda-e8bf-4a96-9a85-a6e23a8c635c FriendlyName: High performance)
// **************************
// Benchmark: StringConcatenationBenchmark.StringBuilderConcatenation: DefaultJob [Iterations=100000]
// *** Execute ***
// Launch: 1 / 1
// Execute: dotnet ConsoleApp1-DefaultJob-1.dll --anonymousPipes 1200 1448 --benchmarkName "StringConcatenationBenchmark.StringBuilderConcatenation(Iterations: 100000)" --job Default --benchmarkId 7 in D:\The journey\Simulation\CSharp_Basics\Lecture 3\abdallahbdreldin-Assignment-4\submission\assignment\bin\Release\net8.0\ConsoleApp1-DefaultJob-1\bin\Release\net8.0
// BeforeAnythingElse

// Benchmark Process Environment Information:
// BenchmarkDotNet v0.15.8
// Runtime=.NET 8.0.31 (8.0.31, 8.0.3126.42015), X64 RyuJIT x86-64-v3
// GC=Concurrent Workstation
// HardwareIntrinsics=AVX2+BMI1+BMI2+F16C+FMA+LZCNT+MOVBE,AVX,SSE3+SSSE3+SSE4.1+SSE4.2+POPCNT,X86Base+SSE+SSE2,AES+PCLMUL VectorSize=256
// Job: DefaultJob

OverheadJitting  1: 1 op, 172600.00 ns, 172.6000 us/op
WorkloadJitting  1: 1 op, 10942900.00 ns, 10.9429 ms/op

OverheadJitting  2: 16 op, 690900.00 ns, 43.1813 us/op
WorkloadJitting  2: 16 op, 25811100.00 ns, 1.6132 ms/op

WorkloadPilot    1: 16 op, 23592600.00 ns, 1.4745 ms/op
WorkloadPilot    2: 32 op, 45692100.00 ns, 1.4279 ms/op
WorkloadPilot    3: 64 op, 104568600.00 ns, 1.6339 ms/op
WorkloadPilot    4: 128 op, 278177200.00 ns, 2.1733 ms/op
WorkloadPilot    5: 256 op, 371212600.00 ns, 1.4500 ms/op
WorkloadPilot    6: 512 op, 1114133700.00 ns, 2.1760 ms/op

OverheadWarmup   1: 512 op, 4700.00 ns, 9.1797 ns/op
OverheadWarmup   2: 512 op, 3700.00 ns, 7.2266 ns/op
OverheadWarmup   3: 512 op, 3400.00 ns, 6.6406 ns/op
OverheadWarmup   4: 512 op, 3600.00 ns, 7.0313 ns/op
OverheadWarmup   5: 512 op, 5100.00 ns, 9.9609 ns/op
OverheadWarmup   6: 512 op, 4200.00 ns, 8.2031 ns/op
OverheadWarmup   7: 512 op, 3600.00 ns, 7.0313 ns/op
OverheadWarmup   8: 512 op, 4700.00 ns, 9.1797 ns/op
OverheadWarmup   9: 512 op, 6000.00 ns, 11.7188 ns/op
OverheadWarmup  10: 512 op, 5100.00 ns, 9.9609 ns/op

OverheadActual   1: 512 op, 3400.00 ns, 6.6406 ns/op
OverheadActual   2: 512 op, 3500.00 ns, 6.8359 ns/op
OverheadActual   3: 512 op, 4300.00 ns, 8.3984 ns/op
OverheadActual   4: 512 op, 3200.00 ns, 6.2500 ns/op
OverheadActual   5: 512 op, 3300.00 ns, 6.4453 ns/op
OverheadActual   6: 512 op, 3200.00 ns, 6.2500 ns/op
OverheadActual   7: 512 op, 4000.00 ns, 7.8125 ns/op
OverheadActual   8: 512 op, 5000.00 ns, 9.7656 ns/op
OverheadActual   9: 512 op, 4000.00 ns, 7.8125 ns/op
OverheadActual  10: 512 op, 3400.00 ns, 6.6406 ns/op
OverheadActual  11: 512 op, 4100.00 ns, 8.0078 ns/op
OverheadActual  12: 512 op, 5500.00 ns, 10.7422 ns/op
OverheadActual  13: 512 op, 4100.00 ns, 8.0078 ns/op
OverheadActual  14: 512 op, 4000.00 ns, 7.8125 ns/op
OverheadActual  15: 512 op, 3700.00 ns, 7.2266 ns/op
OverheadActual  16: 512 op, 5100.00 ns, 9.9609 ns/op
OverheadActual  17: 512 op, 4700.00 ns, 9.1797 ns/op
OverheadActual  18: 512 op, 3900.00 ns, 7.6172 ns/op
OverheadActual  19: 512 op, 3500.00 ns, 6.8359 ns/op
OverheadActual  20: 512 op, 6000.00 ns, 11.7188 ns/op

WorkloadWarmup   1: 512 op, 784389000.00 ns, 1.5320 ms/op
WorkloadWarmup   2: 512 op, 838778000.00 ns, 1.6382 ms/op
WorkloadWarmup   3: 512 op, 900076300.00 ns, 1.7580 ms/op
WorkloadWarmup   4: 512 op, 867468300.00 ns, 1.6943 ms/op
WorkloadWarmup   5: 512 op, 822265100.00 ns, 1.6060 ms/op
WorkloadWarmup   6: 512 op, 799347500.00 ns, 1.5612 ms/op
WorkloadWarmup   7: 512 op, 802640200.00 ns, 1.5677 ms/op
WorkloadWarmup   8: 512 op, 795584100.00 ns, 1.5539 ms/op

// BeforeActualRun
WorkloadActual   1: 512 op, 828203500.00 ns, 1.6176 ms/op
WorkloadActual   2: 512 op, 1047393200.00 ns, 2.0457 ms/op
WorkloadActual   3: 512 op, 846038300.00 ns, 1.6524 ms/op
WorkloadActual   4: 512 op, 1041589800.00 ns, 2.0344 ms/op
WorkloadActual   5: 512 op, 826243600.00 ns, 1.6138 ms/op
WorkloadActual   6: 512 op, 775266900.00 ns, 1.5142 ms/op
WorkloadActual   7: 512 op, 765524800.00 ns, 1.4952 ms/op
WorkloadActual   8: 512 op, 989784400.00 ns, 1.9332 ms/op
WorkloadActual   9: 512 op, 914726000.00 ns, 1.7866 ms/op
WorkloadActual  10: 512 op, 761238200.00 ns, 1.4868 ms/op
WorkloadActual  11: 512 op, 819798700.00 ns, 1.6012 ms/op
WorkloadActual  12: 512 op, 734532900.00 ns, 1.4346 ms/op
WorkloadActual  13: 512 op, 751446200.00 ns, 1.4677 ms/op
WorkloadActual  14: 512 op, 969639200.00 ns, 1.8938 ms/op
WorkloadActual  15: 512 op, 1099169900.00 ns, 2.1468 ms/op
WorkloadActual  16: 512 op, 782364300.00 ns, 1.5281 ms/op
WorkloadActual  17: 512 op, 869570500.00 ns, 1.6984 ms/op
WorkloadActual  18: 512 op, 778217200.00 ns, 1.5200 ms/op
WorkloadActual  19: 512 op, 813767300.00 ns, 1.5894 ms/op
WorkloadActual  20: 512 op, 788159600.00 ns, 1.5394 ms/op
WorkloadActual  21: 512 op, 746913000.00 ns, 1.4588 ms/op
WorkloadActual  22: 512 op, 814337900.00 ns, 1.5905 ms/op
WorkloadActual  23: 512 op, 976825500.00 ns, 1.9079 ms/op
WorkloadActual  24: 512 op, 818754400.00 ns, 1.5991 ms/op
WorkloadActual  25: 512 op, 926337400.00 ns, 1.8093 ms/op
WorkloadActual  26: 512 op, 916098600.00 ns, 1.7893 ms/op
WorkloadActual  27: 512 op, 805176800.00 ns, 1.5726 ms/op
WorkloadActual  28: 512 op, 844099500.00 ns, 1.6486 ms/op
WorkloadActual  29: 512 op, 894071900.00 ns, 1.7462 ms/op
WorkloadActual  30: 512 op, 1037030000.00 ns, 2.0254 ms/op
WorkloadActual  31: 512 op, 802164500.00 ns, 1.5667 ms/op
WorkloadActual  32: 512 op, 889835000.00 ns, 1.7380 ms/op
WorkloadActual  33: 512 op, 807229600.00 ns, 1.5766 ms/op
WorkloadActual  34: 512 op, 825388700.00 ns, 1.6121 ms/op
WorkloadActual  35: 512 op, 844696300.00 ns, 1.6498 ms/op
WorkloadActual  36: 512 op, 770101700.00 ns, 1.5041 ms/op
WorkloadActual  37: 512 op, 907818600.00 ns, 1.7731 ms/op
WorkloadActual  38: 512 op, 746667300.00 ns, 1.4583 ms/op
WorkloadActual  39: 512 op, 809668300.00 ns, 1.5814 ms/op
WorkloadActual  40: 512 op, 792056000.00 ns, 1.5470 ms/op
WorkloadActual  41: 512 op, 751885000.00 ns, 1.4685 ms/op
WorkloadActual  42: 512 op, 952815100.00 ns, 1.8610 ms/op
WorkloadActual  43: 512 op, 765419600.00 ns, 1.4950 ms/op
WorkloadActual  44: 512 op, 837498200.00 ns, 1.6357 ms/op
WorkloadActual  45: 512 op, 909690600.00 ns, 1.7767 ms/op
WorkloadActual  46: 512 op, 798645000.00 ns, 1.5599 ms/op
WorkloadActual  47: 512 op, 739920000.00 ns, 1.4452 ms/op
WorkloadActual  48: 512 op, 749582200.00 ns, 1.4640 ms/op
WorkloadActual  49: 512 op, 743858300.00 ns, 1.4528 ms/op
WorkloadActual  50: 512 op, 751296200.00 ns, 1.4674 ms/op
WorkloadActual  51: 512 op, 779018400.00 ns, 1.5215 ms/op
WorkloadActual  52: 512 op, 832700500.00 ns, 1.6264 ms/op
WorkloadActual  53: 512 op, 950797900.00 ns, 1.8570 ms/op
WorkloadActual  54: 512 op, 770645400.00 ns, 1.5052 ms/op
WorkloadActual  55: 512 op, 777627000.00 ns, 1.5188 ms/op
WorkloadActual  56: 512 op, 866396900.00 ns, 1.6922 ms/op
WorkloadActual  57: 512 op, 919966100.00 ns, 1.7968 ms/op
WorkloadActual  58: 512 op, 1069361000.00 ns, 2.0886 ms/op
WorkloadActual  59: 512 op, 915174000.00 ns, 1.7874 ms/op
WorkloadActual  60: 512 op, 771297700.00 ns, 1.5064 ms/op
WorkloadActual  61: 512 op, 947785200.00 ns, 1.8511 ms/op
WorkloadActual  62: 512 op, 849617200.00 ns, 1.6594 ms/op
WorkloadActual  63: 512 op, 827921200.00 ns, 1.6170 ms/op
WorkloadActual  64: 512 op, 871276100.00 ns, 1.7017 ms/op
WorkloadActual  65: 512 op, 980875900.00 ns, 1.9158 ms/op
WorkloadActual  66: 512 op, 820632300.00 ns, 1.6028 ms/op
WorkloadActual  67: 512 op, 739447300.00 ns, 1.4442 ms/op
WorkloadActual  68: 512 op, 746426600.00 ns, 1.4579 ms/op
WorkloadActual  69: 512 op, 937266600.00 ns, 1.8306 ms/op
WorkloadActual  70: 512 op, 883856100.00 ns, 1.7263 ms/op
WorkloadActual  71: 512 op, 871718400.00 ns, 1.7026 ms/op
WorkloadActual  72: 512 op, 1030806000.00 ns, 2.0133 ms/op
WorkloadActual  73: 512 op, 871532700.00 ns, 1.7022 ms/op
WorkloadActual  74: 512 op, 1065977300.00 ns, 2.0820 ms/op
WorkloadActual  75: 512 op, 800208900.00 ns, 1.5629 ms/op
WorkloadActual  76: 512 op, 818668100.00 ns, 1.5990 ms/op
WorkloadActual  77: 512 op, 878268200.00 ns, 1.7154 ms/op
WorkloadActual  78: 512 op, 1336061600.00 ns, 2.6095 ms/op
WorkloadActual  79: 512 op, 1538709700.00 ns, 3.0053 ms/op
WorkloadActual  80: 512 op, 1464500900.00 ns, 2.8604 ms/op
WorkloadActual  81: 512 op, 832577100.00 ns, 1.6261 ms/op
WorkloadActual  82: 512 op, 810159100.00 ns, 1.5823 ms/op
WorkloadActual  83: 512 op, 807058700.00 ns, 1.5763 ms/op
WorkloadActual  84: 512 op, 782462400.00 ns, 1.5282 ms/op
WorkloadActual  85: 512 op, 906173200.00 ns, 1.7699 ms/op
WorkloadActual  86: 512 op, 1244791300.00 ns, 2.4312 ms/op
WorkloadActual  87: 512 op, 921145300.00 ns, 1.7991 ms/op
WorkloadActual  88: 512 op, 980682500.00 ns, 1.9154 ms/op
WorkloadActual  89: 512 op, 985340900.00 ns, 1.9245 ms/op
WorkloadActual  90: 512 op, 1009485000.00 ns, 1.9717 ms/op
WorkloadActual  91: 512 op, 985685000.00 ns, 1.9252 ms/op
WorkloadActual  92: 512 op, 1022093500.00 ns, 1.9963 ms/op
WorkloadActual  93: 512 op, 900431100.00 ns, 1.7587 ms/op
WorkloadActual  94: 512 op, 857339300.00 ns, 1.6745 ms/op
WorkloadActual  95: 512 op, 906388500.00 ns, 1.7703 ms/op
WorkloadActual  96: 512 op, 889656400.00 ns, 1.7376 ms/op
WorkloadActual  97: 512 op, 878489500.00 ns, 1.7158 ms/op
WorkloadActual  98: 512 op, 795845200.00 ns, 1.5544 ms/op
WorkloadActual  99: 512 op, 1103893200.00 ns, 2.1560 ms/op
WorkloadActual  100: 512 op, 961959900.00 ns, 1.8788 ms/op

// AfterActualRun
WorkloadResult   1: 512 op, 828199500.00 ns, 1.6176 ms/op
WorkloadResult   2: 512 op, 1047389200.00 ns, 2.0457 ms/op
WorkloadResult   3: 512 op, 846034300.00 ns, 1.6524 ms/op
WorkloadResult   4: 512 op, 1041585800.00 ns, 2.0343 ms/op
WorkloadResult   5: 512 op, 826239600.00 ns, 1.6137 ms/op
WorkloadResult   6: 512 op, 775262900.00 ns, 1.5142 ms/op
WorkloadResult   7: 512 op, 765520800.00 ns, 1.4952 ms/op
WorkloadResult   8: 512 op, 989780400.00 ns, 1.9332 ms/op
WorkloadResult   9: 512 op, 914722000.00 ns, 1.7866 ms/op
WorkloadResult  10: 512 op, 761234200.00 ns, 1.4868 ms/op
WorkloadResult  11: 512 op, 819794700.00 ns, 1.6012 ms/op
WorkloadResult  12: 512 op, 734528900.00 ns, 1.4346 ms/op
WorkloadResult  13: 512 op, 751442200.00 ns, 1.4677 ms/op
WorkloadResult  14: 512 op, 969635200.00 ns, 1.8938 ms/op
WorkloadResult  15: 512 op, 1099165900.00 ns, 2.1468 ms/op
WorkloadResult  16: 512 op, 782360300.00 ns, 1.5280 ms/op
WorkloadResult  17: 512 op, 869566500.00 ns, 1.6984 ms/op
WorkloadResult  18: 512 op, 778213200.00 ns, 1.5199 ms/op
WorkloadResult  19: 512 op, 813763300.00 ns, 1.5894 ms/op
WorkloadResult  20: 512 op, 788155600.00 ns, 1.5394 ms/op
WorkloadResult  21: 512 op, 746909000.00 ns, 1.4588 ms/op
WorkloadResult  22: 512 op, 814333900.00 ns, 1.5905 ms/op
WorkloadResult  23: 512 op, 976821500.00 ns, 1.9079 ms/op
WorkloadResult  24: 512 op, 818750400.00 ns, 1.5991 ms/op
WorkloadResult  25: 512 op, 926333400.00 ns, 1.8092 ms/op
WorkloadResult  26: 512 op, 916094600.00 ns, 1.7892 ms/op
WorkloadResult  27: 512 op, 805172800.00 ns, 1.5726 ms/op
WorkloadResult  28: 512 op, 844095500.00 ns, 1.6486 ms/op
WorkloadResult  29: 512 op, 894067900.00 ns, 1.7462 ms/op
WorkloadResult  30: 512 op, 1037026000.00 ns, 2.0254 ms/op
WorkloadResult  31: 512 op, 802160500.00 ns, 1.5667 ms/op
WorkloadResult  32: 512 op, 889831000.00 ns, 1.7380 ms/op
WorkloadResult  33: 512 op, 807225600.00 ns, 1.5766 ms/op
WorkloadResult  34: 512 op, 825384700.00 ns, 1.6121 ms/op
WorkloadResult  35: 512 op, 844692300.00 ns, 1.6498 ms/op
WorkloadResult  36: 512 op, 770097700.00 ns, 1.5041 ms/op
WorkloadResult  37: 512 op, 907814600.00 ns, 1.7731 ms/op
WorkloadResult  38: 512 op, 746663300.00 ns, 1.4583 ms/op
WorkloadResult  39: 512 op, 809664300.00 ns, 1.5814 ms/op
WorkloadResult  40: 512 op, 792052000.00 ns, 1.5470 ms/op
WorkloadResult  41: 512 op, 751881000.00 ns, 1.4685 ms/op
WorkloadResult  42: 512 op, 952811100.00 ns, 1.8610 ms/op
WorkloadResult  43: 512 op, 765415600.00 ns, 1.4950 ms/op
WorkloadResult  44: 512 op, 837494200.00 ns, 1.6357 ms/op
WorkloadResult  45: 512 op, 909686600.00 ns, 1.7767 ms/op
WorkloadResult  46: 512 op, 798641000.00 ns, 1.5598 ms/op
WorkloadResult  47: 512 op, 739916000.00 ns, 1.4451 ms/op
WorkloadResult  48: 512 op, 749578200.00 ns, 1.4640 ms/op
WorkloadResult  49: 512 op, 743854300.00 ns, 1.4528 ms/op
WorkloadResult  50: 512 op, 751292200.00 ns, 1.4674 ms/op
WorkloadResult  51: 512 op, 779014400.00 ns, 1.5215 ms/op
WorkloadResult  52: 512 op, 832696500.00 ns, 1.6264 ms/op
WorkloadResult  53: 512 op, 950793900.00 ns, 1.8570 ms/op
WorkloadResult  54: 512 op, 770641400.00 ns, 1.5052 ms/op
WorkloadResult  55: 512 op, 777623000.00 ns, 1.5188 ms/op
WorkloadResult  56: 512 op, 866392900.00 ns, 1.6922 ms/op
WorkloadResult  57: 512 op, 919962100.00 ns, 1.7968 ms/op
WorkloadResult  58: 512 op, 1069357000.00 ns, 2.0886 ms/op
WorkloadResult  59: 512 op, 915170000.00 ns, 1.7874 ms/op
WorkloadResult  60: 512 op, 771293700.00 ns, 1.5064 ms/op
WorkloadResult  61: 512 op, 947781200.00 ns, 1.8511 ms/op
WorkloadResult  62: 512 op, 849613200.00 ns, 1.6594 ms/op
WorkloadResult  63: 512 op, 827917200.00 ns, 1.6170 ms/op
WorkloadResult  64: 512 op, 871272100.00 ns, 1.7017 ms/op
WorkloadResult  65: 512 op, 980871900.00 ns, 1.9158 ms/op
WorkloadResult  66: 512 op, 820628300.00 ns, 1.6028 ms/op
WorkloadResult  67: 512 op, 739443300.00 ns, 1.4442 ms/op
WorkloadResult  68: 512 op, 746422600.00 ns, 1.4579 ms/op
WorkloadResult  69: 512 op, 937262600.00 ns, 1.8306 ms/op
WorkloadResult  70: 512 op, 883852100.00 ns, 1.7263 ms/op
WorkloadResult  71: 512 op, 871714400.00 ns, 1.7026 ms/op
WorkloadResult  72: 512 op, 1030802000.00 ns, 2.0133 ms/op
WorkloadResult  73: 512 op, 871528700.00 ns, 1.7022 ms/op
WorkloadResult  74: 512 op, 1065973300.00 ns, 2.0820 ms/op
WorkloadResult  75: 512 op, 800204900.00 ns, 1.5629 ms/op
WorkloadResult  76: 512 op, 818664100.00 ns, 1.5990 ms/op
WorkloadResult  77: 512 op, 878264200.00 ns, 1.7154 ms/op
WorkloadResult  78: 512 op, 832573100.00 ns, 1.6261 ms/op
WorkloadResult  79: 512 op, 810155100.00 ns, 1.5823 ms/op
WorkloadResult  80: 512 op, 807054700.00 ns, 1.5763 ms/op
WorkloadResult  81: 512 op, 782458400.00 ns, 1.5282 ms/op
WorkloadResult  82: 512 op, 906169200.00 ns, 1.7699 ms/op
WorkloadResult  83: 512 op, 921141300.00 ns, 1.7991 ms/op
WorkloadResult  84: 512 op, 980678500.00 ns, 1.9154 ms/op
WorkloadResult  85: 512 op, 985336900.00 ns, 1.9245 ms/op
WorkloadResult  86: 512 op, 1009481000.00 ns, 1.9716 ms/op
WorkloadResult  87: 512 op, 985681000.00 ns, 1.9252 ms/op
WorkloadResult  88: 512 op, 1022089500.00 ns, 1.9963 ms/op
WorkloadResult  89: 512 op, 900427100.00 ns, 1.7586 ms/op
WorkloadResult  90: 512 op, 857335300.00 ns, 1.6745 ms/op
WorkloadResult  91: 512 op, 906384500.00 ns, 1.7703 ms/op
WorkloadResult  92: 512 op, 889652400.00 ns, 1.7376 ms/op
WorkloadResult  93: 512 op, 878485500.00 ns, 1.7158 ms/op
WorkloadResult  94: 512 op, 795841200.00 ns, 1.5544 ms/op
WorkloadResult  95: 512 op, 1103889200.00 ns, 2.1560 ms/op
WorkloadResult  96: 512 op, 961955900.00 ns, 1.8788 ms/op
// GC:  127 127 127 1012446896 512
// Threading:  0 0 512

// AfterAll
// Benchmark Process 20372 has exited with code 0.

Mean = 1.691 ms, StdErr = 0.019 ms (1.11%), N = 96, StdDev = 0.185 ms
Min = 1.435 ms, Q1 = 1.545 ms, Median = 1.649 ms, Q3 = 1.797 ms, Max = 2.156 ms
IQR = 0.252 ms, LowerFence = 1.167 ms, UpperFence = 2.176 ms
ConfidenceInterval = [1.627 ms; 1.755 ms] (CI 99.9%), Margin = 0.064 ms (3.78% of Mean)
Skewness = 0.65, Kurtosis = 2.51, MValue = 3.26

// ** Remained 0 (0.0%) benchmark(s) to run. Estimated finish 2026-09-16 18:30 (0h 0m from now) **
Successfully reverted power plan (GUID: 8c5e7fda-e8bf-4a96-9a85-a6e23a8c635c FriendlyName: High performance)
// ***** BenchmarkRunner: Finish  *****

// * Export *
  BenchmarkDotNet.Artifacts\results\StringConcatenationBenchmark-report.csv
  BenchmarkDotNet.Artifacts\results\StringConcatenationBenchmark-report-github.md
  BenchmarkDotNet.Artifacts\results\StringConcatenationBenchmark-report.html

// * Detailed results *
StringConcatenationBenchmark.StringConcatenation: DefaultJob [Iterations=100]
Runtime = .NET 8.0.31 (8.0.31, 8.0.3126.42015), X64 RyuJIT x86-64-v3; GC = Concurrent Workstation
Mean = 2.076 μs, StdErr = 0.011 μs (0.55%), N = 80, StdDev = 0.103 μs
Min = 1.934 μs, Q1 = 2.001 μs, Median = 2.055 μs, Q3 = 2.133 μs, Max = 2.416 μs
IQR = 0.132 μs, LowerFence = 1.802 μs, UpperFence = 2.332 μs
ConfidenceInterval = [2.037 μs; 2.116 μs] (CI 99.9%), Margin = 0.039 μs (1.89% of Mean)
Skewness = 0.96, Kurtosis = 3.45, MValue = 2
-------------------- Histogram --------------------
[1.903 μs ; 1.966 μs) | @@@@@@
[1.966 μs ; 2.051 μs) | @@@@@@@@@@@@@@@@@@@@@@@@@@@@@@@
[2.051 μs ; 2.114 μs) | @@@@@@@@@@@@@@@@@@@@@@
[2.114 μs ; 2.164 μs) | @@@
[2.164 μs ; 2.226 μs) | @@@@@@@@@@@
[2.226 μs ; 2.320 μs) | @@@@@@
[2.320 μs ; 2.384 μs) | 
[2.384 μs ; 2.447 μs) | @
---------------------------------------------------

StringConcatenationBenchmark.StringBuilderConcatenation: DefaultJob [Iterations=100]
Runtime = .NET 8.0.31 (8.0.31, 8.0.3126.42015), X64 RyuJIT x86-64-v3; GC = Concurrent Workstation
Mean = 573.106 ns, StdErr = 2.855 ns (0.50%), N = 19, StdDev = 12.444 ns
Min = 553.052 ns, Q1 = 564.895 ns, Median = 571.827 ns, Q3 = 581.849 ns, Max = 602.444 ns
IQR = 16.953 ns, LowerFence = 539.465 ns, UpperFence = 607.279 ns
ConfidenceInterval = [561.910 ns; 584.302 ns] (CI 99.9%), Margin = 11.196 ns (1.95% of Mean)
Skewness = 0.42, Kurtosis = 2.56, MValue = 2
-------------------- Histogram --------------------
[546.931 ns ; 560.273 ns) | @@@
[560.273 ns ; 574.537 ns) | @@@@@@@@
[574.537 ns ; 595.619 ns) | @@@@@@@
[595.619 ns ; 608.565 ns) | @
---------------------------------------------------

StringConcatenationBenchmark.StringConcatenation: DefaultJob [Iterations=1000]
Runtime = .NET 8.0.31 (8.0.31, 8.0.3126.42015), X64 RyuJIT x86-64-v3; GC = Concurrent Workstation
Mean = 197.187 μs, StdErr = 2.341 μs (1.19%), N = 95, StdDev = 22.818 μs
Min = 174.605 μs, Q1 = 180.041 μs, Median = 187.766 μs, Q3 = 211.490 μs, Max = 264.969 μs
IQR = 31.449 μs, LowerFence = 132.867 μs, UpperFence = 258.664 μs
ConfidenceInterval = [189.234 μs; 205.140 μs] (CI 99.9%), Margin = 7.953 μs (4.03% of Mean)
Skewness = 1.18, Kurtosis = 3.43, MValue = 2.55
-------------------- Histogram --------------------
[168.041 μs ; 175.094 μs) | @
[175.094 μs ; 188.221 μs) | @@@@@@@@@@@@@@@@@@@@@@@@@@@@@@@@@@@@@@@@@@@@@@@
[188.221 μs ; 201.901 μs) | @@@@@@@@@@@@@@@@@@@@@@
[201.901 μs ; 206.297 μs) | 
[206.297 μs ; 218.554 μs) | @@@@@@
[218.554 μs ; 231.681 μs) | @@@@@@@@@@@
[231.681 μs ; 244.047 μs) | @@
[244.047 μs ; 257.174 μs) | @@@@@
[257.174 μs ; 271.533 μs) | @
---------------------------------------------------

StringConcatenationBenchmark.StringBuilderConcatenation: DefaultJob [Iterations=1000]
Runtime = .NET 8.0.31 (8.0.31, 8.0.3126.42015), X64 RyuJIT x86-64-v3; GC = Concurrent Workstation
Mean = 5.665 μs, StdErr = 0.031 μs (0.55%), N = 57, StdDev = 0.234 μs
Min = 5.329 μs, Q1 = 5.493 μs, Median = 5.594 μs, Q3 = 5.806 μs, Max = 6.308 μs
IQR = 0.313 μs, LowerFence = 5.023 μs, UpperFence = 6.275 μs
ConfidenceInterval = [5.557 μs; 5.773 μs] (CI 99.9%), Margin = 0.108 μs (1.90% of Mean)
Skewness = 1, Kurtosis = 3.36, MValue = 2
-------------------- Histogram --------------------
[5.303 μs ; 5.455 μs) | @@@@@@
[5.455 μs ; 5.615 μs) | @@@@@@@@@@@@@@@@@@@@@@@@@@
[5.615 μs ; 5.789 μs) | @@@@@@@@
[5.789 μs ; 5.949 μs) | @@@@@@@@@@@
[5.949 μs ; 6.115 μs) | @@@
[6.115 μs ; 6.351 μs) | @@@
---------------------------------------------------

StringConcatenationBenchmark.StringConcatenation: DefaultJob [Iterations=10000]
Runtime = .NET 8.0.31 (8.0.31, 8.0.3126.42015), X64 RyuJIT x86-64-v3; GC = Concurrent Workstation
Mean = 30.835 ms, StdErr = 0.137 ms (0.44%), N = 21, StdDev = 0.626 ms
Min = 30.068 ms, Q1 = 30.321 ms, Median = 30.659 ms, Q3 = 31.304 ms, Max = 32.606 ms
IQR = 0.983 ms, LowerFence = 28.847 ms, UpperFence = 32.779 ms
ConfidenceInterval = [30.310 ms; 31.361 ms] (CI 99.9%), Margin = 0.526 ms (1.70% of Mean)
Skewness = 1.08, Kurtosis = 3.7, MValue = 2
-------------------- Histogram --------------------
[29.770 ms ; 30.778 ms) | @@@@@@@@@@@@@
[30.778 ms ; 31.518 ms) | @@@@@@
[31.518 ms ; 32.904 ms) | @@
---------------------------------------------------

StringConcatenationBenchmark.StringBuilderConcatenation: DefaultJob [Iterations=10000]
Runtime = .NET 8.0.31 (8.0.31, 8.0.3126.42015), X64 RyuJIT x86-64-v3; GC = Concurrent Workstation
Mean = 66.378 μs, StdErr = 0.223 μs (0.34%), N = 13, StdDev = 0.803 μs
Min = 65.331 μs, Q1 = 65.867 μs, Median = 66.357 μs, Q3 = 66.413 μs, Max = 68.119 μs
IQR = 0.546 μs, LowerFence = 65.048 μs, UpperFence = 67.232 μs
ConfidenceInterval = [65.416 μs; 67.340 μs] (CI 99.9%), Margin = 0.962 μs (1.45% of Mean)
Skewness = 0.96, Kurtosis = 2.92, MValue = 2
-------------------- Histogram --------------------
[64.882 μs ; 66.665 μs) | @@@@@@@@@@@
[66.665 μs ; 68.567 μs) | @@
---------------------------------------------------

StringConcatenationBenchmark.StringConcatenation: DefaultJob [Iterations=100000]
Runtime = .NET 8.0.31 (8.0.31, 8.0.3126.42015), X64 RyuJIT x86-64-v3; GC = Concurrent Workstation
Mean = 7.411 s, StdErr = 0.168 s (2.26%), N = 97, StdDev = 1.652 s
Min = 6.090 s, Q1 = 6.226 s, Median = 6.423 s, Q3 = 8.352 s, Max = 11.567 s
IQR = 2.127 s, LowerFence = 3.036 s, UpperFence = 11.542 s
ConfidenceInterval = [6.842 s; 7.981 s] (CI 99.9%), Margin = 0.569 s (7.68% of Mean)
Skewness = 1.23, Kurtosis = 3.15, MValue = 2.51
-------------------- Histogram --------------------
[ 6.079 s ;  7.022 s) | @@@@@@@@@@@@@@@@@@@@@@@@@@@@@@@@@@@@@@@@@@@@@@@@@@@@@@@@@@@@
[ 7.022 s ;  7.663 s) | @@@@@@
[ 7.663 s ;  8.906 s) | @@@@@@@@@@@@@@
[ 8.906 s ;  9.850 s) | @@@@
[ 9.850 s ; 10.356 s) | @
[10.356 s ; 11.300 s) | @@@@@@@@@@
[11.300 s ; 12.039 s) | @@
---------------------------------------------------

StringConcatenationBenchmark.StringBuilderConcatenation: DefaultJob [Iterations=100000]
Runtime = .NET 8.0.31 (8.0.31, 8.0.3126.42015), X64 RyuJIT x86-64-v3; GC = Concurrent Workstation
Mean = 1.691 ms, StdErr = 0.019 ms (1.11%), N = 96, StdDev = 0.185 ms
Min = 1.435 ms, Q1 = 1.545 ms, Median = 1.649 ms, Q3 = 1.797 ms, Max = 2.156 ms
IQR = 0.252 ms, LowerFence = 1.167 ms, UpperFence = 2.176 ms
ConfidenceInterval = [1.627 ms; 1.755 ms] (CI 99.9%), Margin = 0.064 ms (3.78% of Mean)
Skewness = 0.65, Kurtosis = 2.51, MValue = 3.26
-------------------- Histogram --------------------
[1.418 ms ; 1.513 ms) | @@@@@@@@@@@@@@@@@
[1.513 ms ; 1.619 ms) | @@@@@@@@@@@@@@@@@@@@@@@@@@@
[1.619 ms ; 1.696 ms) | @@@@@@@@@
[1.696 ms ; 1.802 ms) | @@@@@@@@@@@@@@@@@@@@
[1.802 ms ; 1.935 ms) | @@@@@@@@@@@@@
[1.935 ms ; 1.990 ms) | @
[1.990 ms ; 2.095 ms) | @@@@@@@
[2.095 ms ; 2.209 ms) | @@
---------------------------------------------------

// * Summary *

BenchmarkDotNet v0.15.8, Windows 11 (10.0.26200.9457/25H2/2025Update/HudsonValley2)
Intel Core i5-10500H CPU 2.50GHz, 1 CPU, 12 logical and 6 physical cores
.NET SDK 9.0.318
  [Host]     : .NET 8.0.31 (8.0.31, 8.0.3126.42015), X64 RyuJIT x86-64-v3
  DefaultJob : .NET 8.0.31 (8.0.31, 8.0.3126.42015), X64 RyuJIT x86-64-v3


| Method                     | Iterations | Mean               | Error             | StdDev              | Median             | Gen0          | Gen1          | Gen2          | Allocated      |
|--------------------------- |----------- |-------------------:|------------------:|--------------------:|-------------------:|--------------:|--------------:|--------------:|---------------:|
| StringConcatenation        | 100        |         2,076.3 ns |          39.31 ns |           102.86 ns |         2,055.3 ns |        3.3226 |             - |             - |       20.37 KB |
| StringBuilderConcatenation | 100        |           573.1 ns |          11.20 ns |            12.44 ns |           571.8 ns |        0.2031 |             - |             - |        1.25 KB |
| StringConcatenation        | 1000       |       197,187.0 ns |       7,952.94 ns |        22,818.47 ns |       187,766.2 ns |      452.6367 |        6.3477 |             - |     2773.88 KB |
| StringBuilderConcatenation | 1000       |         5,664.8 ns |         107.87 ns |           234.50 ns |         5,593.9 ns |        2.3422 |        0.0687 |             - |       14.37 KB |
| StringConcatenation        | 10000      |    30,835,101.0 ns |     525,570.31 ns |       625,654.12 ns |    30,659,020.3 ns |    60187.5000 |    10812.5000 |             - |   370543.41 KB |
| StringBuilderConcatenation | 10000      |        66,378.2 ns |         962.04 ns |           803.34 ns |        66,356.7 ns |       25.2686 |        6.2256 |             - |      155.69 KB |
| StringConcatenation        | 100000     | 7,411,186,642.3 ns | 569,439,560.83 ns | 1,652,047,539.25 ns | 6,422,574,800.0 ns | 10672000.0000 | 10599000.0000 | 10587000.0000 | 46792138.23 KB |
| StringBuilderConcatenation | 100000     |     1,690,883.5 ns |      63,979.63 ns |       184,595.88 ns |     1,649,206.8 ns |      248.0469 |      248.0469 |      248.0469 |     1931.09 KB |

// * Warnings *
MultimodalDistribution
  StringConcatenationBenchmark.StringBuilderConcatenation: Default -> It seems that the distribution is bimodal (mValue = 3.26)

// * Hints *
Outliers
  StringConcatenationBenchmark.StringConcatenation: Default        -> 9 outliers were removed (2.43 μs..3.34 μs)
  StringConcatenationBenchmark.StringConcatenation: Default        -> 5 outliers were removed (267.96 μs..308.46 μs)
  StringConcatenationBenchmark.StringBuilderConcatenation: Default -> 3 outliers were removed (6.35 μs..6.78 μs)
  StringConcatenationBenchmark.StringConcatenation: Default        -> 4 outliers were removed (33.31 ms..35.14 ms)
  StringConcatenationBenchmark.StringBuilderConcatenation: Default -> 2 outliers were removed (69.15 μs, 70.14 μs)
  StringConcatenationBenchmark.StringConcatenation: Default        -> 3 outliers were removed (11.93 s..14.51 s)
  StringConcatenationBenchmark.StringBuilderConcatenation: Default -> 4 outliers were removed (2.43 ms..3.01 ms)

// * Legends *
  Iterations : Value of the 'Iterations' parameter
  Mean       : Arithmetic mean of all measurements
  Error      : Half of 99.9% confidence interval
  StdDev     : Standard deviation of all measurements
  Median     : Value separating the higher half of all measurements (50th percentile)
  Gen0       : GC Generation 0 collects per 1000 operations
  Gen1       : GC Generation 1 collects per 1000 operations
  Gen2       : GC Generation 2 collects per 1000 operations
  Allocated  : Allocated memory per single operation (managed only, inclusive, 1KB = 1024B)
  1 ns       : 1 Nanosecond (0.000000001 sec)

// * Diagnostic Output - MemoryDiagnoser *


// ***** BenchmarkRunner: End *****
Run time: 00:20:34 (1234.91 sec), executed benchmarks: 8

Global total time: 00:20:45 (1245.35 sec), executed benchmarks: 8
// * Artifacts cleanup *
Artifacts cleanup is finished
